time,game_type,communicative_fraction,communicative_fraction_std,order_parameter,order_parameter_std
0,deadlock,0.4999999999999999,0.11303883305208783,0.2654426339079155,0.14937973682168196
800,allCommunicative,0.8,0.42163702135578396,1.0,1.0467283057891834e-16
1600,allCommunicative,0.795,0.41929173084566734,0.991002383789348,0.028452960737713473
2400,allCommunicative,0.8,0.42163702135578396,1.0,1.0467283057891834e-16
3200,allCommunicative,0.8,0.42163702135578396,1.0,1.0467283057891834e-16
4000,allCommunicative,0.8,0.42163702135578396,1.0,1.0467283057891834e-16
4800,allCommunicative,0.8,0.42163702135578396,1.0,1.0467283057891834e-16
5600,allCommunicative,0.8,0.42163702135578396,1.0,1.0467283057891834e-16
6400,allCommunicative,0.8,0.42163702135578396,1.0,1.0467283057891834e-16
7200,allCommunicative,0.8,0.42163702135578396,1.0,1.0467283057891834e-16
8000,allCommunicative,0.8,0.42163702135578396,1.0,1.0467283057891834e-16
8800,allCommunicative,0.8,0.42163702135578396,1.0,1.0467283057891834e-16
9600,allCommunicative,0.8,0.42163702135578396,1.0,1.0467283057891834e-16
10400,allCommunicative,0.8,0.42163702135578396,1.0,1.0467283057891834e-16
11200,allCommunicative,0.8,0.42163702135578396,1.0,1.0467283057891834e-16
12000,allCommunicative,0.8,0.42163702135578396,1.0,1.0467283057891834e-16
12800,allCommunicative,0.8,0.42163702135578396,1.0,1.0467283057891834e-16
13600,allCommunicative,0.795,0.41929173084566734,0.9935758187532645,0.020315044841424428
14400,allCommunicative,0.8,0.42163702135578396,1.0,1.0467283057891834e-16
15200,allCommunicative,0.8,0.42163702135578396,1.0,1.0467283057891834e-16
16000,allCommunicative,0.8,0.42163702135578396,1.0,1.0467283057891834e-16
16800,allCommunicative,0.8,0.42163702135578396,1.0,1.0467283057891834e-16
17600,allCommunicative,0.8,0.42163702135578396,1.0,1.0467283057891834e-16
18400,allCommunicative,0.8,0.42163702135578396,1.0,1.0467283057891834e-16
19200,allCommunicative,0.8,0.42163702135578396,1.0,1.0467283057891834e-16
20000,allCommunicative,0.8,0.42163702135578396,1.0,1.0467283057891834e-16
20800,allCommunicative,0.8,0.42163702135578396,1.0,1.0467283057891834e-16
21600,allCommunicative,0.8,0.42163702135578396,1.0,1.0467283057891834e-16
22400,allCommunicative,0.8,0.42163702135578396,1.0,1.0467283057891834e-16
23200,allCommunicative,0.79,0.4175324338699131,0.980548732272263,0.0615103093973765
24000,allCommunicative,0.8,0.42163702135578396,1.0,1.0467283057891834e-16
24800,allCommunicative,0.8,0.42163702135578396,1.0,1.0467283057891834e-16
25600,allCommunicative,0.8,0.42163702135578396,1.0,1.0467283057891834e-16
26400,allCommunicative,0.8,0.42163702135578396,1.0,1.0467283057891834e-16
27200,allCommunicative,0.8,0.42163702135578396,1.0,1.0467283057891834e-16
28000,allCommunicative,0.795,0.41929173084566734,0.998022425952829,0.006253638230697481
28800,allCommunicative,0.8,0.42163702135578396,1.0,1.0467283057891834e-16
29600,allCommunicative,0.8,0.42163702135578396,1.0,1.0467283057891834e-16
30400,allCommunicative,0.8,0.42163702135578396,1.0,1.0467283057891834e-16
31200,allCommunicative,0.8,0.42163702135578396,1.0,1.0467283057891834e-16
32000,allCommunicative,0.8,0.42163702135578396,0.9863133825081605,0.043280884737714305
32800,allCommunicative,0.8,0.42163702135578396,1.0,1.0467283057891834e-16
33600,allCommunicative,0.8,0.42163702135578396,1.0,1.0467283057891834e-16
34400,allCommunicative,0.8,0.42163702135578396,1.0,1.0467283057891834e-16
35200,allCommunicative,0.8,0.42163702135578396,1.0,1.0467283057891834e-16
36000,allCommunicative,0.8,0.42163702135578396,1.0,1.0467283057891834e-16
36800,allCommunicative,0.8,0.42163702135578396,1.0,1.0467283057891834e-16
37600,allCommunicative,0.8,0.42163702135578396,1.0,1.0467283057891834e-16
38400,allCommunicative,0.8,0.42163702135578396,0.9902579431934919,0.03080708860331197
39200,allCommunicative,0.8,0.42163702135578396,1.0,1.0467283057891834e-16
40000,allCommunicative,0.8,0.42163702135578396,1.0,1.0467283057891834e-16
40800,allCommunicative,0.8,0.42163702135578396,1.0,1.0467283057891834e-16
41600,allCommunicative,0.8,0.42163702135578396,1.0,1.0467283057891834e-16
42400,allCommunicative,0.8,0.42163702135578396,1.0,1.0467283057891834e-16
43200,allCommunicative,0.8,0.42163702135578396,1.0,1.0467283057891834e-16
44000,allCommunicative,0.8,0.42163702135578396,1.0,1.0467283057891834e-16
44800,allCommunicative,0.8,0.42163702135578396,1.0,1.0467283057891834e-16
45600,allCommunicative,0.8,0.42163702135578396,1.0,1.0467283057891834e-16
46400,allCommunicative,0.8,0.42163702135578396,1.0,1.0467283057891834e-16
47200,allCommunicative,0.8,0.42163702135578396,1.0,1.0467283057891834e-16
48000,allCommunicative,0.8,0.42163702135578396,1.0,1.0467283057891834e-16
48800,allCommunicative,0.8,0.42163702135578396,1.0,1.0467283057891834e-16
49600,allCommunicative,0.8,0.42163702135578396,1.0,1.0467283057891834e-16
50400,allCommunicative,0.8,0.42163702135578396,1.0,1.0467283057891834e-16
51200,allCommunicative,0.8,0.42163702135578396,1.0,1.0467283057891834e-16
52000,allCommunicative,0.8,0.42163702135578396,1.0,1.0467283057891834e-16
52800,allCommunicative,0.8,0.42163702135578396,1.0,1.0467283057891834e-16
53600,allCommunicative,0.8,0.42163702135578396,1.0,1.0467283057891834e-16
54400,allCommunicative,0.8,0.42163702135578396,1.0,1.0467283057891834e-16
55200,allCommunicative,0.8,0.42163702135578396,1.0,1.0467283057891834e-16
56000,allCommunicative,0.8,0.42163702135578396,1.0,1.0467283057891834e-16
56800,allCommunicative,0.8,0.42163702135578396,1.0,1.0467283057891834e-16
57600,allCommunicative,0.8,0.42163702135578396,1.0,1.0467283057891834e-16
58400,allCommunicative,0.8,0.42163702135578396,1.0,1.0467283057891834e-16
59200,allCommunicative,0.8,0.42163702135578396,1.0,1.0467283057891834e-16
60000,allCommunicative,0.8,0.42163702135578396,1.0,1.0467283057891834e-16
60800,allCommunicative,0.8,0.42163702135578396,1.0,1.0467283057891834e-16
61600,allCommunicative,0.8,0.42163702135578396,1.0,1.0467283057891834e-16
62400,allCommunicative,0.8,0.42163702135578396,1.0,1.0467283057891834e-16
63200,allCommunicative,0.8,0.42163702135578396,1.0,1.0467283057891834e-16
64000,allCommunicative,0.8,0.42163702135578396,1.0,1.0467283057891834e-16
64800,allCommunicative,0.8,0.42163702135578396,1.0,1.0467283057891834e-16
65600,allCommunicative,0.8,0.42163702135578396,1.0,1.0467283057891834e-16
66400,allCommunicative,0.8,0.42163702135578396,1.0,1.0467283057891834e-16
67200,allCommunicative,0.8,0.42163702135578396,1.0,1.0467283057891834e-16
68000,allCommunicative,0.8,0.42163702135578396,1.0,1.0467283057891834e-16
68800,allCommunicative,0.8,0.42163702135578396,1.0,1.0467283057891834e-16
69600,allCommunicative,0.8,0.42163702135578396,1.0,1.0467283057891834e-16
70400,allCommunicative,0.8,0.42163702135578396,1.0,1.0467283057891834e-16
71200,allCommunicative,0.8,0.42163702135578396,1.0,1.0467283057891834e-16
72000,allCommunicative,0.8,0.42163702135578396,1.0,1.0467283057891834e-16
72800,allCommunicative,0.8,0.42163702135578396,1.0,1.0467283057891834e-16
73600,allCommunicative,0.8,0.42163702135578396,0.9902579431934917,0.030807088603311973
74400,allCommunicative,0.8,0.42163702135578396,1.0,1.0467283057891834e-16
75200,allCommunicative,0.8,0.42163702135578396,1.0,1.0467283057891834e-16
76000,allCommunicative,0.8,0.42163702135578396,1.0,1.0467283057891834e-16
76800,allCommunicative,0.8,0.42163702135578396,1.0,1.0467283057891834e-16
77600,allCommunicative,0.8,0.42163702135578396,1.0,1.0467283057891834e-16
78400,allCommunicative,0.8,0.42163702135578396,1.0,1.0467283057891834e-16
79200,allCommunicative,0.8,0.42163702135578396,1.0,1.0467283057891834e-16
80000,allCommunicative,0.8,0.42163702135578396,1.0,1.0467283057891834e-16
80800,allCommunicative,0.8,0.42163702135578396,1.0,1.0467283057891834e-16
81600,allCommunicative,0.8,0.42163702135578396,1.0,1.0467283057891834e-16
82400,allCommunicative,0.8,0.42163702135578396,1.0,1.0467283057891834e-16
83200,allCommunicative,0.8,0.42163702135578396,1.0,1.0467283057891834e-16
84000,allCommunicative,0.8,0.42163702135578396,1.0,1.0467283057891834e-16
84800,allCommunicative,0.825,0.3736085295243316,0.9713525491562421,0.09059119382398735
85600,allCommunicative,0.8,0.42163702135578396,1.0,1.0467283057891834e-16
86400,allCommunicative,0.8,0.42163702135578396,1.0,1.0467283057891834e-16
87200,allCommunicative,0.8,0.42163702135578396,1.0,1.0467283057891834e-16
88000,allCommunicative,0.8,0.42163702135578396,1.0,1.0467283057891834e-16
88800,allCommunicative,0.8,0.42163702135578396,1.0,1.0467283057891834e-16
89600,allCommunicative,0.8,0.42163702135578396,1.0,1.0467283057891834e-16
90400,allCommunicative,0.8,0.42163702135578396,1.0,1.0467283057891834e-16
91200,allCommunicative,0.8,0.42163702135578396,1.0,1.0467283057891834e-16
92000,allCommunicative,0.8,0.42163702135578396,1.0,1.0467283057891834e-16
92800,allCommunicative,0.8,0.42163702135578396,1.0,1.0467283057891834e-16
93600,allCommunicative,0.8,0.42163702135578396,1.0,1.0467283057891834e-16
94400,allCommunicative,0.8,0.42163702135578396,1.0,1.0467283057891834e-16
95200,allCommunicative,0.8,0.42163702135578396,1.0,1.0467283057891834e-16
96000,allCommunicative,0.8,0.42163702135578396,0.9989668498459945,0.003267107651610718
96800,allCommunicative,0.8,0.42163702135578396,1.0,1.0467283057891834e-16
97600,allCommunicative,0.8,0.42163702135578396,1.0,1.0467283057891834e-16
98400,allCommunicative,0.8,0.42163702135578396,1.0,1.0467283057891834e-16
99200,allCommunicative,0.8,0.42163702135578396,1.0,1.0467283057891834e-16
100000,allCommunicative,0.8,0.42163702135578396,1.0,1.0467283057891834e-16
100800,allCommunicative,0.8,0.42163702135578396,1.0,1.0467283057891834e-16
101600,allCommunicative,0.8,0.42163702135578396,1.0,1.0467283057891834e-16
102400,allCommunicative,0.8,0.42163702135578396,1.0,1.0467283057891834e-16
103200,allCommunicative,0.8,0.42163702135578396,1.0,1.0467283057891834e-16
104000,allCommunicative,0.8,0.42163702135578396,1.0,1.0467283057891834e-16
104800,allCommunicative,0.8,0.42163702135578396,1.0,1.0467283057891834e-16
105600,allCommunicative,0.8,0.42163702135578396,1.0,1.0467283057891834e-16
106400,allCommunicative,0.8,0.42163702135578396,1.0,1.0467283057891834e-16
107200,allCommunicative,0.8,0.42163702135578396,1.0,1.0467283057891834e-16
108000,allCommunicative,0.8,0.42163702135578396,1.0,1.0467283057891834e-16
108800,allCommunicative,0.8,0.42163702135578396,1.0,1.0467283057891834e-16
109600,allCommunicative,0.8,0.42163702135578396,1.0,1.0467283057891834e-16
110400,allCommunicative,0.8,0.42163702135578396,1.0,1.0467283057891834e-16
111200,allCommunicative,0.8,0.42163702135578396,1.0,1.0467283057891834e-16
112000,allCommunicative,0.8,0.42163702135578396,1.0,1.0467283057891834e-16
112800,allCommunicative,0.8,0.42163702135578396,1.0,1.0467283057891834e-16
113600,allCommunicative,0.8,0.42163702135578396,1.0,1.0467283057891834e-16
114400,allCommunicative,0.8,0.42163702135578396,1.0,1.0467283057891834e-16
115200,allCommunicative,0.8,0.42163702135578396,1.0,1.0467283057891834e-16
116000,allCommunicative,0.8,0.42163702135578396,0.9988183752053065,0.003736625690960227
116800,allCommunicative,0.8,0.42163702135578396,1.0,1.0467283057891834e-16
117600,allCommunicative,0.78,0.4157990967870047,0.96129126485769,0.12240776839390154
118400,allCommunicative,0.8,0.42163702135578396,1.0,1.0467283057891834e-16
119200,allCommunicative,0.8,0.42163702135578396,1.0,1.0467283057891834e-16
120000,allCommunicative,0.8,0.42163702135578396,1.0,1.0467283057891834e-16
120800,allCommunicative,0.8,0.42163702135578396,1.0,1.0467283057891834e-16
121600,allCommunicative,0.8,0.42163702135578396,1.0,1.0467283057891834e-16
122400,allCommunicative,0.8,0.42163702135578396,1.0,1.0467283057891834e-16
123200,allCommunicative,0.8,0.42163702135578396,1.0,1.0467283057891834e-16
124000,allCommunicative,0.8,0.42163702135578396,1.0,1.0467283057891834e-16
124800,allCommunicative,0.8,0.42163702135578396,1.0,1.0467283057891834e-16
125600,allCommunicative,0.8,0.42163702135578396,1.0,1.0467283057891834e-16
126400,allCommunicative,0.8,0.42163702135578396,1.0,1.0467283057891834e-16
127200,allCommunicative,0.8,0.42163702135578396,1.0,1.0467283057891834e-16
128000,allCommunicative,0.8,0.42163702135578396,1.0,1.0467283057891834e-16
128800,allCommunicative,0.8,0.42163702135578396,1.0,1.0467283057891834e-16
129600,allCommunicative,0.8,0.42163702135578396,1.0,1.0467283057891834e-16
130400,allCommunicative,0.8,0.42163702135578396,1.0,1.0467283057891834e-16
131200,allCommunicative,0.8,0.42163702135578396,1.0,1.0467283057891834e-16
132000,allCommunicative,0.8,0.42163702135578396,1.0,1.0467283057891834e-16
132800,allCommunicative,0.8,0.42163702135578396,1.0,1.0467283057891834e-16
133600,allCommunicative,0.8,0.42163702135578396,1.0,1.0467283057891834e-16
134400,allCommunicative,0.8,0.42163702135578396,1.0,1.0467283057891834e-16
135200,allCommunicative,0.8,0.42163702135578396,1.0,1.0467283057891834e-16
136000,allCommunicative,0.8,0.42163702135578396,1.0,1.0467283057891834e-16
136800,allCommunicative,0.8,0.42163702135578396,1.0,1.0467283057891834e-16
137600,allCommunicative,0.8,0.42163702135578396,1.0,1.0467283057891834e-16
138400,allCommunicative,0.8,0.42163702135578396,1.0,1.0467283057891834e-16
139200,allCommunicative,0.8,0.42163702135578396,1.0,1.0467283057891834e-16
140000,allCommunicative,0.8,0.42163702135578396,1.0,1.0467283057891834e-16
140800,allCommunicative,0.8,0.42163702135578396,1.0,1.0467283057891834e-16
141600,allCommunicative,0.8,0.42163702135578396,1.0,1.0467283057891834e-16
142400,allCommunicative,0.8,0.42163702135578396,1.0,1.0467283057891834e-16
143200,allCommunicative,0.8,0.42163702135578396,1.0,1.0467283057891834e-16
144000,allCommunicative,0.8,0.42163702135578396,1.0,1.0467283057891834e-16
144800,allCommunicative,0.8,0.42163702135578396,1.0,1.0467283057891834e-16
145600,allCommunicative,0.8,0.42163702135578396,1.0,1.0467283057891834e-16
146400,allCommunicative,0.8,0.42163702135578396,1.0,1.0467283057891834e-16
147200,allCommunicative,0.8,0.42163702135578396,1.0,1.0467283057891834e-16
148000,allCommunicative,0.8,0.42163702135578396,1.0,1.0467283057891834e-16
148800,allCommunicative,0.8,0.42163702135578396,1.0,1.0467283057891834e-16
149600,allCommunicative,0.8,0.42163702135578396,1.0,1.0467283057891834e-16
150400,allCommunicative,0.8,0.42163702135578396,1.0,1.0467283057891834e-16
151200,allCommunicative,0.8,0.42163702135578396,1.0,1.0467283057891834e-16
152000,allCommunicative,0.8,0.42163702135578396,0.9935747326465585,0.020318479412397207
152800,allCommunicative,0.8,0.42163702135578396,1.0,1.0467283057891834e-16
153600,allCommunicative,0.8,0.42163702135578396,1.0,1.0467283057891834e-16
154400,allCommunicative,0.8,0.42163702135578396,1.0,1.0467283057891834e-16
155200,allCommunicative,0.8,0.42163702135578396,1.0,1.0467283057891834e-16
156000,allCommunicative,0.8,0.42163702135578396,1.0,1.0467283057891834e-16
156800,allCommunicative,0.8,0.42163702135578396,1.0,1.0467283057891834e-16
157600,allCommunicative,0.8,0.42163702135578396,1.0,1.0467283057891834e-16
158400,allCommunicative,0.8,0.42163702135578396,1.0,1.0467283057891834e-16
159200,allCommunicative,0.8,0.42163702135578396,1.0,1.0467283057891834e-16
160000,allCommunicative,0.8,0.42163702135578396,1.0,1.0467283057891834e-16
160800,allCommunicative,0.8,0.42163702135578396,1.0,1.0467283057891834e-16
161600,allCommunicative,0.8,0.42163702135578396,1.0,1.0467283057891834e-16
162400,allCommunicative,0.8,0.42163702135578396,1.0,1.0467283057891834e-16
163200,allCommunicative,0.8,0.42163702135578396,1.0,1.0467283057891834e-16
164000,allCommunicative,0.8,0.42163702135578396,1.0,1.0467283057891834e-16
164800,allCommunicative,0.8,0.42163702135578396,1.0,1.0467283057891834e-16
165600,allCommunicative,0.8,0.42163702135578396,1.0,1.0467283057891834e-16
166400,allCommunicative,0.8,0.42163702135578396,1.0,1.0467283057891834e-16
167200,allCommunicative,0.8,0.42163702135578396,1.0,1.0467283057891834e-16
168000,allCommunicative,0.8,0.42163702135578396,1.0,1.0467283057891834e-16
168800,allCommunicative,0.795,0.41929173084566734,0.9990886781860379,0.002881852613516163
169600,allCommunicative,0.8,0.42163702135578396,1.0,1.0467283057891834e-16
170400,allCommunicative,0.8,0.42163702135578396,1.0,1.0467283057891834e-16
171200,allCommunicative,0.8,0.42163702135578396,1.0,1.0467283057891834e-16
172000,allCommunicative,0.8,0.42163702135578396,1.0,1.0467283057891834e-16
172800,allCommunicative,0.8,0.42163702135578396,1.0,1.0467283057891834e-16
173600,allCommunicative,0.8,0.42163702135578396,1.0,1.0467283057891834e-16
174400,allCommunicative,0.8,0.42163702135578396,1.0,1.0467283057891834e-16
175200,allCommunicative,0.8,0.42163702135578396,1.0,1.0467283057891834e-16
176000,allCommunicative,0.8,0.42163702135578396,1.0,1.0467283057891834e-16
176800,allCommunicative,0.8,0.42163702135578396,1.0,1.0467283057891834e-16
177600,allCommunicative,0.8,0.42163702135578396,0.9951314879522023,0.015395586887011481
178400,allCommunicative,0.8,0.42163702135578396,1.0,1.0467283057891834e-16
179200,allCommunicative,0.8,0.42163702135578396,1.0,1.0467283057891834e-16
180000,allCommunicative,0.8,0.42163702135578396,1.0,1.0467283057891834e-16
180800,allCommunicative,0.8,0.42163702135578396,1.0,1.0467283057891834e-16
181600,allCommunicative,0.8,0.42163702135578396,1.0,1.0467283057891834e-16
182400,allCommunicative,0.8,0.42163702135578396,1.0,1.0467283057891834e-16
183200,allCommunicative,0.8,0.42163702135578396,1.0,1.0467283057891834e-16
184000,allCommunicative,0.8,0.42163702135578396,1.0,1.0467283057891834e-16
184800,allCommunicative,0.8,0.42163702135578396,1.0,1.0467283057891834e-16
185600,allCommunicative,0.8,0.42163702135578396,1.0,1.0467283057891834e-16
186400,allCommunicative,0.8,0.42163702135578396,0.998022425952829,0.006253638230697551
187200,allCommunicative,0.8,0.42163702135578396,1.0,1.0467283057891834e-16
188000,allCommunicative,0.8,0.42163702135578396,1.0,1.0467283057891834e-16
188800,allCommunicative,0.8,0.42163702135578396,1.0,1.0467283057891834e-16
189600,allCommunicative,0.8,0.42163702135578396,1.0,1.0467283057891834e-16
190400,allCommunicative,0.8,0.42163702135578396,1.0,1.0467283057891834e-16
191200,allCommunicative,0.8,0.42163702135578396,0.998022425952829,0.006253638230697551
192000,allCommunicative,0.8,0.42163702135578396,1.0,1.0467283057891834e-16
192800,allCommunicative,0.8,0.42163702135578396,1.0,1.0467283057891834e-16
193600,allCommunicative,0.8,0.42163702135578396,1.0,1.0467283057891834e-16
194400,allCommunicative,0.8,0.42163702135578396,1.0,1.0467283057891834e-16
195200,allCommunicative,0.8,0.42163702135578396,1.0,1.0467283057891834e-16
196000,allCommunicative,0.8,0.42163702135578396,1.0,1.0467283057891834e-16
196800,allCommunicative,0.8,0.42163702135578396,1.0,1.0467283057891834e-16
197600,allCommunicative,0.8,0.42163702135578396,1.0,1.0467283057891834e-16
198400,allCommunicative,0.8,0.42163702135578396,1.0,1.0467283057891834e-16
199200,allCommunicative,0.8,0.42163702135578396,1.0,1.0467283057891834e-16
200000,allCommunicative,0.8,0.42163702135578396,1.0,1.0467283057891834e-16
200800,allCommunicative,0.8,0.42163702135578396,0.9762308705053286,0.07516458720264892
201600,allCommunicative,0.8,0.42163702135578396,1.0,1.0467283057891834e-16
202400,allCommunicative,0.8,0.42163702135578396,1.0,1.0467283057891834e-16
203200,allCommunicative,0.8,0.42163702135578396,1.0,1.0467283057891834e-16
204000,allCommunicative,0.8,0.42163702135578396,1.0,1.0467283057891834e-16
204800,allCommunicative,0.8,0.42163702135578396,1.0,1.0467283057891834e-16
205600,allCommunicative,0.8,0.42163702135578396,1.0,1.0467283057891834e-16
206400,allCommunicative,0.8,0.42163702135578396,1.0,1.0467283057891834e-16
207200,allCommunicative,0.8,0.42163702135578396,1.0,1.0467283057891834e-16
208000,allCommunicative,0.8,0.42163702135578396,1.0,1.0467283057891834e-16
208800,allCommunicative,0.8,0.42163702135578396,1.0,1.0467283057891834e-16
209600,allCommunicative,0.8,0.42163702135578396,1.0,1.0467283057891834e-16
210400,allCommunicative,0.8,0.42163702135578396,1.0,1.0467283057891834e-16
211200,allCommunicative,0.8,0.42163702135578396,1.0,1.0467283057891834e-16
212000,allCommunicative,0.8,0.42163702135578396,1.0,1.0467283057891834e-16
212800,allCommunicative,0.8,0.42163702135578396,1.0,1.0467283057891834e-16
213600,allCommunicative,0.8,0.42163702135578396,1.0,1.0467283057891834e-16
214400,allCommunicative,0.8,0.42163702135578396,1.0,1.0467283057891834e-16
215200,allCommunicative,0.8,0.42163702135578396,1.0,1.0467283057891834e-16
216000,allCommunicative,0.8,0.42163702135578396,1.0,1.0467283057891834e-16
216800,allCommunicative,0.8,0.42163702135578396,1.0,1.0467283057891834e-16
217600,allCommunicative,0.8,0.42163702135578396,1.0,1.0467283057891834e-16
218400,allCommunicative,0.8,0.42163702135578396,1.0,1.0467283057891834e-16
219200,allCommunicative,0.8,0.42163702135578396,1.0,1.0467283057891834e-16
220000,allCommunicative,0.8,0.42163702135578396,1.0,1.0467283057891834e-16
220800,allCommunicative,0.8,0.42163702135578396,1.0,1.0467283057891834e-16
221600,allCommunicative,0.8,0.42163702135578396,1.0,1.0467283057891834e-16
222400,allCommunicative,0.8,0.42163702135578396,1.0,1.0467283057891834e-16
223200,allCommunicative,0.8,0.42163702135578396,1.0,1.0467283057891834e-16
224000,allCommunicative,0.8,0.42163702135578396,1.0,1.0467283057891834e-16
224800,allCommunicative,0.8,0.42163702135578396,1.0,1.0467283057891834e-16
225600,allCommunicative,0.8,0.42163702135578396,1.0,1.0467283057891834e-16
226400,allCommunicative,0.8,0.42163702135578396,1.0,1.0467283057891834e-16
227200,allCommunicative,0.795,0.41929173084566734,0.996662123629973,0.010555291877340094
228000,allCommunicative,0.8,0.42163702135578396,1.0,1.0467283057891834e-16
228800,allCommunicative,0.8,0.42163702135578396,1.0,1.0467283057891834e-16
229600,allCommunicative,0.8,0.42163702135578396,1.0,1.0467283057891834e-16
230400,allCommunicative,0.8,0.42163702135578396,1.0,1.2819751242557092e-16
231200,allCommunicative,0.8,0.42163702135578396,1.0,1.2819751242557092e-16
232000,allCommunicative,0.8,0.42163702135578396,1.0,1.2819751242557092e-16
232800,allCommunicative,0.8,0.42163702135578396,1.0,1.2819751242557092e-16
233600,allCommunicative,0.8,0.42163702135578396,1.0,1.2819751242557092e-16
234400,allCommunicative,0.8,0.42163702135578396,1.0,1.2819751242557092e-16
235200,allCommunicative,0.8,0.42163702135578396,1.0,1.2819751242557092e-16
236000,allCommunicative,0.8,0.42163702135578396,1.0,1.2819751242557092e-16
236800,allCommunicative,0.8,0.42163702135578396,1.0,1.2819751242557092e-16
237600,allCommunicative,0.8,0.42163702135578396,1.0,1.2819751242557092e-16
238400,allCommunicative,0.8,0.42163702135578396,1.0,1.2819751242557092e-16
239200,allCommunicative,0.8,0.42163702135578396,1.0,1.2819751242557092e-16
240000,allCommunicative,0.8949999999999999,0.31486328602885555,0.998022425952829,0.006253638230697474
240800,allCommunicative,0.9,0.31622776601683794,1.0,1.2819751242557092e-16
241600,allCommunicative,0.9,0.31622776601683794,1.0,1.2819751242557092e-16
242400,allCommunicative,0.9,0.31622776601683794,1.0,1.2819751242557092e-16
243200,allCommunicative,0.9,0.31622776601683794,1.0,1.2819751242557092e-16
244000,allCommunicative,0.9,0.31622776601683794,1.0,1.2819751242557092e-16
244800,allCommunicative,0.9,0.31622776601683794,1.0,1.2819751242557092e-16
245600,allCommunicative,0.9,0.31622776601683794,1.0,1.2819751242557092e-16
246400,allCommunicative,0.9,0.31622776601683794,1.0,1.2819751242557092e-16
247200,allCommunicative,0.9,0.31622776601683794,1.0,1.2819751242557092e-16
248000,allCommunicative,0.9,0.31622776601683794,1.0,1.2819751242557092e-16
248800,allCommunicative,0.9,0.31622776601683794,1.0,1.2819751242557092e-16
249600,allCommunicative,0.9,0.31622776601683794,1.0,1.2819751242557092e-16
250400,allCommunicative,0.9,0.31622776601683794,1.0,1.2819751242557092e-16
251200,allCommunicative,0.9,0.31622776601683794,0.9905538513813742,0.029871344751310827
252000,allCommunicative,0.9,0.31622776601683794,1.0,1.2819751242557092e-16
252800,allCommunicative,0.9,0.31622776601683794,1.0,1.2819751242557092e-16
253600,allCommunicative,0.9,0.31622776601683794,1.0,1.2819751242557092e-16
254400,allCommunicative,0.9,0.31622776601683794,1.0,1.2819751242557092e-16
255200,allCommunicative,0.9,0.31622776601683794,1.0,1.2819751242557092e-16
256000,allCommunicative,0.9,0.31622776601683794,1.0,1.2819751242557092e-16
256800,allCommunicative,0.9,0.31622776601683794,1.0,1.2819751242557092e-16
257600,allCommunicative,0.9,0.31622776601683794,1.0,1.2819751242557092e-16
258400,allCommunicative,0.9,0.31622776601683794,1.0,1.2819751242557092e-16
259200,allCommunicative,0.9,0.31622776601683794,1.0,1.2819751242557092e-16
260000,allCommunicative,0.9,0.31622776601683794,1.0,1.2819751242557092e-16
260800,allCommunicative,0.9,0.31622776601683794,1.0,1.2819751242557092e-16
261600,allCommunicative,0.9,0.31622776601683794,1.0,1.2819751242557092e-16
262400,allCommunicative,0.9,0.31622776601683794,1.0,1.2819751242557092e-16
263200,allCommunicative,0.9,0.31622776601683794,1.0,1.2819751242557092e-16
264000,allCommunicative,0.9,0.31622776601683794,1.0,1.2819751242557092e-16
264800,allCommunicative,0.9,0.31622776601683794,1.0,1.2819751242557092e-16
265600,allCommunicative,0.9,0.31622776601683794,1.0,1.2819751242557092e-16
266400,allCommunicative,0.9,0.31622776601683794,0.9951314879522022,0.0153955868870114
267200,allCommunicative,0.9,0.31622776601683794,1.0,1.2819751242557092e-16
268000,allCommunicative,0.9,0.31622776601683794,1.0,1.2819751242557092e-16
268800,allCommunicative,0.9,0.31622776601683794,1.0,1.2819751242557092e-16
269600,allCommunicative,0.9,0.31622776601683794,1.0,1.2819751242557092e-16
270400,allCommunicative,0.9,0.31622776601683794,1.0,1.2819751242557092e-16
271200,allCommunicative,0.9,0.31622776601683794,1.0,1.2819751242557092e-16
272000,allCommunicative,0.9,0.31622776601683794,1.0,1.2819751242557092e-16
272800,allCommunicative,0.8949999999999999,0.31486328602885555,0.99,0.031622776601683764
273600,allCommunicative,0.9,0.31622776601683794,1.0,1.2819751242557092e-16
274400,allCommunicative,0.9,0.31622776601683794,1.0,1.2819751242557092e-16
275200,allCommunicative,0.9,0.31622776601683794,1.0,1.2819751242557092e-16
276000,allCommunicative,0.9,0.31622776601683794,1.0,1.2819751242557092e-16
276800,allCommunicative,0.9,0.31622776601683794,1.0,1.2819751242557092e-16
277600,allCommunicative,0.9,0.31622776601683794,1.0,1.2819751242557092e-16
278400,allCommunicative,0.9,0.31622776601683794,1.0,1.2819751242557092e-16
279200,allCommunicative,0.9,0.31622776601683794,1.0,1.2819751242557092e-16
280000,allCommunicative,0.9,0.31622776601683794,1.0,1.2819751242557092e-16
280800,allCommunicative,0.9,0.31622776601683794,1.0,1.2819751242557092e-16
281600,allCommunicative,0.9,0.31622776601683794,1.0,1.2819751242557092e-16
282400,allCommunicative,0.9,0.31622776601683794,1.0,1.2819751242557092e-16
283200,allCommunicative,0.9,0.31622776601683794,1.0,1.2819751242557092e-16
284000,allCommunicative,0.9,0.31622776601683794,1.0,1.2819751242557092e-16
284800,allCommunicative,0.9,0.31622776601683794,1.0,1.2819751242557092e-16
285600,allCommunicative,0.9,0.31622776601683794,1.0,1.2819751242557092e-16
286400,allCommunicative,0.9,0.31622776601683794,1.0,1.2819751242557092e-16
287200,allCommunicative,0.9,0.31622776601683794,1.0,1.2819751242557092e-16
288000,allCommunicative,0.9,0.31622776601683794,1.0,1.2819751242557092e-16
288800,allCommunicative,0.9,0.31622776601683794,1.0,1.2819751242557092e-16
289600,allCommunicative,0.905,0.30041637771599605,0.9921498996761372,0.024824196884231858
290400,allCommunicative,0.9,0.31622776601683794,1.0,1.2819751242557092e-16
291200,allCommunicative,0.9,0.31622776601683794,1.0,1.2819751242557092e-16
292000,allCommunicative,0.9,0.31622776601683794,1.0,1.2819751242557092e-16
292800,allCommunicative,0.9,0.31622776601683794,1.0,1.2819751242557092e-16
293600,allCommunicative,0.9,0.31622776601683794,1.0,1.2819751242557092e-16
294400,allCommunicative,0.8949999999999999,0.31486328602885555,0.9990886781860379,0.0028818526135161553
295200,allCommunicative,0.9,0.31622776601683794,1.0,1.2819751242557092e-16
296000,allCommunicative,0.9,0.31622776601683794,1.0,1.2819751242557092e-16
296800,allCommunicative,0.9,0.31622776601683794,1.0,1.2819751242557092e-16
297600,allCommunicative,0.9,0.31622776601683794,1.0,1.2819751242557092e-16
298400,allCommunicative,0.9,0.31622776601683794,1.0,1.2819751242557092e-16
299200,allCommunicative,0.9,0.31622776601683794,1.0,1.2819751242557092e-16
300000,allCommunicative,0.9,0.31622776601683794,1.0,1.2819751242557092e-16
300800,allCommunicative,0.9,0.31622776601683794,1.0,1.2819751242557092e-16
301600,allCommunicative,0.9,0.31622776601683794,1.0,1.2819751242557092e-16
302400,allCommunicative,0.9,0.31622776601683794,1.0,1.2819751242557092e-16
303200,allCommunicative,0.9,0.31622776601683794,1.0,1.2819751242557092e-16
304000,allCommunicative,0.9,0.31622776601683794,0.991002383789348,0.028452960737713466
304800,allCommunicative,0.9,0.31622776601683794,1.0,1.2819751242557092e-16
305600,allCommunicative,0.9,0.31622776601683794,1.0,1.2819751242557092e-16
306400,allCommunicative,0.9,0.31622776601683794,1.0,1.2819751242557092e-16
307200,allCommunicative,0.9,0.31622776601683794,1.0,1.2819751242557092e-16
308000,allCommunicative,0.9,0.31622776601683794,1.0,1.2819751242557092e-16
308800,allCommunicative,0.9,0.31622776601683794,1.0,1.2819751242557092e-16
309600,allCommunicative,0.9,0.31622776601683794,1.0,1.2819751242557092e-16
310400,allCommunicative,0.9,0.31622776601683794,1.0,1.2819751242557092e-16
311200,allCommunicative,0.9,0.31622776601683794,1.0,1.2819751242557092e-16
312000,allCommunicative,0.9,0.31622776601683794,1.0,1.2819751242557092e-16
312800,allCommunicative,0.8949999999999999,0.31486328602885555,0.9935758187532644,0.020315044841424417
313600,allCommunicative,0.9,0.31622776601683794,1.0,1.2819751242557092e-16
314400,allCommunicative,0.9,0.31622776601683794,1.0,1.2819751242557092e-16
315200,allCommunicative,1.0,0.0,1.0,1.2819751242557092e-16
316000,allCommunicative,1.0,0.0,1.0,1.2819751242557092e-16
316800,allCommunicative,0.9,0.31622776601683794,1.0,1.2819751242557092e-16
317600,allCommunicative,0.9,0.31622776601683794,1.0,1.2819751242557092e-16
318400,allCommunicative,0.9,0.31622776601683794,1.0,1.2819751242557092e-16
319200,allCommunicative,0.9,0.31622776601683794,1.0,1.2819751242557092e-16
320000,allCommunicative,0.9,0.31622776601683794,1.0,1.2819751242557092e-16
320800,allCommunicative,0.9,0.31622776601683794,1.0,1.2819751242557092e-16
321600,allCommunicative,0.9,0.31622776601683794,1.0,1.2819751242557092e-16
322400,allCommunicative,0.89,0.3142893217686178,0.9995585341863331,0.0013960374802865802
323200,allCommunicative,0.9,0.31622776601683794,1.0,1.2819751242557092e-16
324000,allCommunicative,0.9,0.31622776601683794,1.0,1.2819751242557092e-16
324800,allCommunicative,0.9,0.31622776601683794,1.0,1.2819751242557092e-16
325600,allCommunicative,0.9,0.31622776601683794,1.0,1.2819751242557092e-16
326400,allCommunicative,0.9,0.31622776601683794,1.0,1.2819751242557092e-16
327200,allCommunicative,0.9,0.31622776601683794,1.0,1.2819751242557092e-16
328000,allCommunicative,0.9,0.31622776601683794,1.0,1.2819751242557092e-16
328800,allCommunicative,0.9,0.31622776601683794,1.0,1.2819751242557092e-16
329600,allCommunicative,0.9,0.31622776601683794,1.0,1.2819751242557092e-16
330400,allCommunicative,0.9,0.31622776601683794,1.0,1.2819751242557092e-16
331200,allCommunicative,0.9,0.31622776601683794,1.0,1.2819751242557092e-16
332000,allCommunicative,0.9,0.31622776601683794,1.0,1.2819751242557092e-16
332800,allCommunicative,0.9,0.31622776601683794,1.0,1.2819751242557092e-16
333600,allCommunicative,0.9,0.31622776601683794,1.0,1.2819751242557092e-16
334400,allCommunicative,0.9,0.31622776601683794,1.0,1.2819751242557092e-16
335200,allCommunicative,0.9,0.31622776601683794,1.0,1.2819751242557092e-16
336000,allCommunicative,0.9,0.31622776601683794,1.0,1.2819751242557092e-16
336800,allCommunicative,0.9,0.31622776601683794,1.0,1.2819751242557092e-16
337600,allCommunicative,0.9,0.31622776601683794,1.0,1.2819751242557092e-16
338400,allCommunicative,0.9,0.31622776601683794,1.0,1.2819751242557092e-16
339200,allCommunicative,0.9,0.31622776601683794,1.0,1.2819751242557092e-16
340000,allCommunicative,0.9,0.31622776601683794,1.0,1.2819751242557092e-16
340800,allCommunicative,0.9,0.31622776601683794,1.0,1.2819751242557092e-16
341600,allCommunicative,0.9,0.31622776601683794,1.0,1.2819751242557092e-16
342400,allCommunicative,0.85,0.3374742788552764,0.9156434465040231,0.2667588446091265
343200,allCommunicative,0.9,0.31622776601683794,1.0,1.2819751242557092e-16
344000,allCommunicative,0.9,0.31622776601683794,1.0,1.2819751242557092e-16
344800,allCommunicative,0.9,0.31622776601683794,1.0,1.2819751242557092e-16
345600,allCommunicative,0.9,0.31622776601683794,1.0,1.2819751242557092e-16
346400,allCommunicative,0.9,0.31622776601683794,1.0,1.2819751242557092e-16
347200,allCommunicative,0.9,0.31622776601683794,1.0,1.2819751242557092e-16
348000,allCommunicative,0.9,0.31622776601683794,1.0,1.2819751242557092e-16
348800,allCommunicative,0.9,0.31622776601683794,1.0,1.2819751242557092e-16
349600,allCommunicative,0.9,0.31622776601683794,1.0,1.2819751242557092e-16
350400,allCommunicative,0.9,0.31622776601683794,1.0,1.2819751242557092e-16
351200,allCommunicative,0.9,0.31622776601683794,1.0,1.2819751242557092e-16
352000,allCommunicative,0.9,0.31622776601683794,1.0,1.2819751242557092e-16
352800,allCommunicative,0.9,0.31622776601683794,1.0,1.2819751242557092e-16
353600,allCommunicative,0.9,0.31622776601683794,1.0,1.2819751242557092e-16
354400,allCommunicative,0.9,0.31622776601683794,1.0,1.2819751242557092e-16
355200,allCommunicative,0.9,0.31622776601683794,1.0,1.2819751242557092e-16
356000,allCommunicative,0.9,0.31622776601683794,1.0,1.2819751242557092e-16
356800,allCommunicative,0.9,0.31622776601683794,1.0,1.2819751242557092e-16
357600,allCommunicative,0.9,0.31622776601683794,1.0,1.2819751242557092e-16
358400,allCommunicative,0.9,0.31622776601683794,1.0,1.2819751242557092e-16
359200,allCommunicative,0.9,0.31622776601683794,1.0,1.2819751242557092e-16
360000,allCommunicative,0.9,0.31622776601683794,1.0,1.2819751242557092e-16
360800,allCommunicative,0.9,0.31622776601683794,1.0,1.2819751242557092e-16
361600,allCommunicative,0.9,0.31622776601683794,1.0,1.2819751242557092e-16
362400,allCommunicative,0.9,0.31622776601683794,1.0,1.2819751242557092e-16
363200,allCommunicative,0.9,0.31622776601683794,1.0,1.2819751242557092e-16
364000,allCommunicative,0.9,0.31622776601683794,1.0,1.2819751242557092e-16
364800,allCommunicative,0.9,0.31622776601683794,1.0,1.2819751242557092e-16
365600,allCommunicative,0.9,0.31622776601683794,1.0,1.2819751242557092e-16
366400,allCommunicative,0.9,0.31622776601683794,1.0,1.2819751242557092e-16
367200,allCommunicative,0.9,0.31622776601683794,1.0,1.2819751242557092e-16
368000,allCommunicative,0.9,0.31622776601683794,1.0,1.2819751242557092e-16
368800,allCommunicative,0.9,0.31622776601683794,1.0,1.2819751242557092e-16
369600,allCommunicative,0.9,0.31622776601683794,1.0,1.2819751242557092e-16
370400,allCommunicative,0.9,0.31622776601683794,1.0,1.2819751242557092e-16
371200,allCommunicative,0.9,0.31622776601683794,1.0,1.2819751242557092e-16
372000,allCommunicative,0.9,0.31622776601683794,1.0,1.2819751242557092e-16
372800,allCommunicative,0.9,0.31622776601683794,1.0,1.2819751242557092e-16
373600,allCommunicative,0.9,0.31622776601683794,1.0,1.2819751242557092e-16
374400,allCommunicative,0.9,0.31622776601683794,1.0,1.2819751242557092e-16
375200,allCommunicative,0.9,0.31622776601683794,1.0,1.2819751242557092e-16
376000,allCommunicative,0.9,0.31622776601683794,1.0,1.2819751242557092e-16
376800,allCommunicative,0.9,0.31622776601683794,1.0,1.2819751242557092e-16
377600,allCommunicative,0.9,0.31622776601683794,1.0,1.2819751242557092e-16
378400,allCommunicative,0.9,0.31622776601683794,1.0,1.2819751242557092e-16
379200,allCommunicative,0.9,0.31622776601683794,1.0,1.2819751242557092e-16
380000,allCommunicative,0.9,0.31622776601683794,1.0,1.2819751242557092e-16
380800,allCommunicative,0.9,0.31622776601683794,1.0,1.2819751242557092e-16
381600,allCommunicative,0.9,0.31622776601683794,1.0,1.2819751242557092e-16
382400,allCommunicative,0.9,0.31622776601683794,1.0,1.2819751242557092e-16
383200,allCommunicative,0.9,0.31622776601683794,1.0,1.2819751242557092e-16
384000,allCommunicative,0.9,0.31622776601683794,1.0,1.2819751242557092e-16
384800,allCommunicative,0.9,0.31622776601683794,1.0,1.2819751242557092e-16
385600,allCommunicative,0.9,0.31622776601683794,1.0,1.2819751242557092e-16
386400,allCommunicative,0.9,0.31622776601683794,1.0,1.2819751242557092e-16
387200,allCommunicative,0.9,0.31622776601683794,1.0,1.2819751242557092e-16
388000,allCommunicative,0.9,0.31622776601683794,1.0,1.2819751242557092e-16
388800,allCommunicative,0.9,0.31622776601683794,1.0,1.2819751242557092e-16
389600,allCommunicative,0.9,0.31622776601683794,1.0,1.2819751242557092e-16
390400,allCommunicative,0.9,0.31622776601683794,1.0,1.2819751242557092e-16
391200,allCommunicative,0.9,0.31622776601683794,1.0,1.2819751242557092e-16
392000,allCommunicative,0.9,0.31622776601683794,1.0,1.2819751242557092e-16
392800,allCommunicative,0.9,0.31622776601683794,1.0,1.2819751242557092e-16
393600,allCommunicative,0.9,0.31622776601683794,1.0,1.2819751242557092e-16
394400,allCommunicative,0.9,0.31622776601683794,1.0,1.2819751242557092e-16
395200,allCommunicative,0.9,0.31622776601683794,0.9968961009638665,0.009815390581382708
396000,allCommunicative,0.8949999999999999,0.31486328602885555,0.9902579431934917,0.030807088603311963
396800,allCommunicative,0.8,0.4216370213557839,1.0,1.2819751242557092e-16
397600,allCommunicative,0.8,0.4216370213557839,1.0,1.2819751242557092e-16
398400,allCommunicative,0.8,0.4216370213557839,1.0,1.2819751242557092e-16
399200,allCommunicative,0.8,0.4216370213557839,1.0,1.2819751242557092e-16
400000,allCommunicative,0.8,0.4216370213557839,0.998022425952829,0.006253638230697473
400800,allCommunicative,0.8,0.4216370213557839,1.0,1.2819751242557092e-16
401600,allCommunicative,0.8,0.4216370213557839,1.0,1.2819751242557092e-16
402400,allCommunicative,0.8,0.4216370213557839,1.0,1.2819751242557092e-16
403200,allCommunicative,0.8,0.4216370213557839,1.0,1.2819751242557092e-16
404000,allCommunicative,0.8,0.4216370213557839,1.0,1.2819751242557092e-16
404800,allCommunicative,0.8,0.4216370213557839,1.0,1.2819751242557092e-16
405600,allCommunicative,0.8,0.4216370213557839,1.0,1.2819751242557092e-16
406400,allCommunicative,0.8,0.4216370213557839,1.0,1.2819751242557092e-16
407200,allCommunicative,0.8,0.4216370213557839,1.0,1.2819751242557092e-16
408000,allCommunicative,0.8,0.4216370213557839,1.0,1.2819751242557092e-16
408800,allCommunicative,0.8,0.4216370213557839,1.0,1.2819751242557092e-16
409600,allCommunicative,0.8,0.4216370213557839,1.0,1.2819751242557092e-16
410400,allCommunicative,0.8,0.4216370213557839,1.0,1.2819751242557092e-16
411200,allCommunicative,0.8,0.4216370213557839,1.0,1.2819751242557092e-16
412000,allCommunicative,0.8,0.4216370213557839,1.0,1.2819751242557092e-16
412800,allCommunicative,0.8,0.4216370213557839,1.0,1.2819751242557092e-16
413600,allCommunicative,0.8,0.4216370213557839,1.0,1.2819751242557092e-16
414400,allCommunicative,0.8,0.4216370213557839,1.0,1.2819751242557092e-16
415200,allCommunicative,0.8,0.4216370213557839,0.9811149438892489,0.05971979105005465
416000,allCommunicative,0.8,0.4216370213557839,1.0,1.2819751242557092e-16
416800,allCommunicative,0.8,0.4216370213557839,1.0,1.2819751242557092e-16
417600,allCommunicative,0.8,0.4216370213557839,1.0,1.2819751242557092e-16
418400,allCommunicative,0.8,0.4216370213557839,1.0,1.2819751242557092e-16
419200,allCommunicative,0.7,0.48304589153964794,1.0,1.2819751242557092e-16
420000,allCommunicative,0.7,0.48304589153964794,0.9935758187532644,0.020315044841424417
420800,allCommunicative,0.7,0.48304589153964794,1.0,1.2819751242557092e-16
421600,allCommunicative,0.7,0.48304589153964794,1.0,1.2819751242557092e-16
422400,allCommunicative,0.7,0.48304589153964794,1.0,1.2819751242557092e-16
423200,allCommunicative,0.7,0.48304589153964794,1.0,1.2819751242557092e-16
424000,allCommunicative,0.7,0.48304589153964794,1.0,1.2819751242557092e-16
424800,allCommunicative,0.7,0.48304589153964794,1.0,1.2819751242557092e-16
425600,allCommunicative,0.7,0.48304589153964794,1.0,1.2819751242557092e-16
426400,allCommunicative,0.7,0.48304589153964794,1.0,1.2819751242557092e-16
427200,allCommunicative,0.7,0.48304589153964794,1.0,1.2819751242557092e-16
428000,allCommunicative,0.7,0.48304589153964794,0.9951314879522022,0.0153955868870114
428800,allCommunicative,0.7,0.48304589153964794,1.0,1.2819751242557092e-16
429600,allCommunicative,0.7,0.48304589153964794,1.0,1.2819751242557092e-16
430400,allCommunicative,0.7,0.48304589153964794,1.0,1.2819751242557092e-16
431200,allCommunicative,0.7,0.48304589153964794,1.0,1.2819751242557092e-16
432000,allCommunicative,0.7,0.48304589153964794,1.0,1.2819751242557092e-16
432800,allCommunicative,0.7,0.48304589153964794,1.0,1.2819751242557092e-16
433600,allCommunicative,0.7,0.48304589153964794,1.0,1.2819751242557092e-16
434400,allCommunicative,0.7,0.48304589153964794,1.0,1.2819751242557092e-16
435200,allCommunicative,0.7,0.48304589153964794,1.0,1.2819751242557092e-16
436000,allCommunicative,0.7,0.48304589153964794,1.0,1.2819751242557092e-16
436800,allCommunicative,0.7,0.48304589153964794,1.0,1.2819751242557092e-16
437600,allCommunicative,0.7,0.48304589153964794,1.0,1.2819751242557092e-16
438400,allCommunicative,0.7,0.48304589153964794,1.0,1.2819751242557092e-16
439200,allCommunicative,0.7,0.48304589153964794,1.0,1.2819751242557092e-16
440000,allCommunicative,0.7,0.48304589153964794,1.0,1.2819751242557092e-16
440800,allCommunicative,0.7,0.48304589153964794,1.0,1.2819751242557092e-16
441600,allCommunicative,0.6,0.5163977794943222,1.0,1.2819751242557092e-16
442400,allCommunicative,0.6,0.5163977794943222,1.0,1.2819751242557092e-16
443200,allCommunicative,0.7,0.48304589153964794,1.0,1.2819751242557092e-16
444000,allCommunicative,0.7,0.48304589153964794,1.0,1.2819751242557092e-16
444800,allCommunicative,0.7,0.48304589153964794,1.0,1.2819751242557092e-16
445600,allCommunicative,0.7,0.48304589153964794,1.0,1.2819751242557092e-16
446400,allCommunicative,0.7,0.48304589153964794,1.0,1.2819751242557092e-16
447200,allCommunicative,0.7,0.48304589153964794,1.0,1.2819751242557092e-16
448000,allCommunicative,0.7,0.48304589153964794,1.0,1.2819751242557092e-16
448800,allCommunicative,0.6849999999999999,0.47495613832577566,0.9708858651879722,0.09206697811120626
449600,allCommunicative,0.7,0.48304589153964794,1.0,1.2819751242557092e-16
450400,allCommunicative,0.7,0.48304589153964794,1.0,1.2819751242557092e-16
451200,allCommunicative,0.7,0.48304589153964794,1.0,1.2819751242557092e-16
452000,allCommunicative,0.7,0.48304589153964794,1.0,1.2819751242557092e-16
452800,allCommunicative,0.7,0.48304589153964794,1.0,1.2819751242557092e-16
453600,allCommunicative,0.7,0.48304589153964794,1.0,1.2819751242557092e-16
454400,allCommunicative,0.7,0.48304589153964794,1.0,1.2819751242557092e-16
455200,allCommunicative,0.7,0.48304589153964794,1.0,1.2819751242557092e-16
456000,allCommunicative,0.7,0.48304589153964794,1.0,1.2819751242557092e-16
456800,allCommunicative,0.7,0.48304589153964794,1.0,1.2819751242557092e-16
457600,allCommunicative,0.7,0.48304589153964794,1.0,1.2819751242557092e-16
458400,allCommunicative,0.7,0.48304589153964794,1.0,1.2819751242557092e-16
459200,allCommunicative,0.7,0.48304589153964794,1.0,1.2819751242557092e-16
460000,allCommunicative,0.7,0.48304589153964794,1.0,1.2819751242557092e-16
460800,allCommunicative,0.7,0.48304589153964794,1.0,1.2819751242557092e-16
461600,allCommunicative,0.7,0.48304589153964794,1.0,1.2819751242557092e-16
462400,allCommunicative,0.705,0.4751900204713432,0.9997672475839661,0.0007360277655740866
463200,allCommunicative,0.8,0.42163702135578396,1.0,1.2819751242557092e-16
464000,allCommunicative,0.8,0.42163702135578396,1.0,1.2819751242557092e-16
464800,allCommunicative,0.8,0.42163702135578396,1.0,1.2819751242557092e-16
465600,allCommunicative,0.8,0.42163702135578396,1.0,1.2819751242557092e-16
466400,allCommunicative,0.8,0.42163702135578396,1.0,1.2819751242557092e-16
467200,allCommunicative,0.8,0.42163702135578396,1.0,1.2819751242557092e-16
468000,allCommunicative,0.8,0.42163702135578396,1.0,1.2819751242557092e-16
468800,allCommunicative,0.8,0.42163702135578396,1.0,1.2819751242557092e-16
469600,allCommunicative,0.8,0.42163702135578396,1.0,1.2819751242557092e-16
470400,allCommunicative,0.8,0.42163702135578396,1.0,1.2819751242557092e-16
471200,allCommunicative,0.8,0.42163702135578396,1.0,1.2819751242557092e-16
472000,allCommunicative,0.8,0.42163702135578396,1.0,1.2819751242557092e-16
472800,allCommunicative,0.8,0.42163702135578396,1.0,1.2819751242557092e-16
473600,allCommunicative,0.8,0.42163702135578396,1.0,1.2819751242557092e-16
474400,allCommunicative,0.8,0.42163702135578396,1.0,1.2819751242557092e-16
475200,allCommunicative,0.8,0.42163702135578396,1.0,1.2819751242557092e-16
476000,allCommunicative,0.8,0.42163702135578396,1.0,1.2819751242557092e-16
476800,allCommunicative,0.8,0.42163702135578396,1.0,1.2819751242557092e-16
477600,allCommunicative,0.8,0.42163702135578396,1.0,1.2819751242557092e-16
478400,allCommunicative,0.8,0.42163702135578396,1.0,1.2819751242557092e-16
479200,allCommunicative,0.8,0.42163702135578396,1.0,1.2819751242557092e-16
480000,allCommunicative,0.8,0.42163702135578396,1.0,1.2819751242557092e-16
480800,allCommunicative,0.8,0.42163702135578396,1.0,1.2819751242557092e-16
481600,allCommunicative,0.8,0.42163702135578396,1.0,1.2819751242557092e-16
482400,allCommunicative,0.8,0.42163702135578396,0.991002383789348,0.028452960737713473
483200,allCommunicative,0.8,0.42163702135578396,1.0,1.2819751242557092e-16
484000,allCommunicative,0.8,0.42163702135578396,1.0,1.2819751242557092e-16
484800,allCommunicative,0.8,0.42163702135578396,1.0,1.2819751242557092e-16
485600,allCommunicative,0.8,0.42163702135578396,1.0,1.2819751242557092e-16
486400,allCommunicative,0.8,0.42163702135578396,0.9993740112733336,0.0019795501658542215
487200,allCommunicative,0.8,0.42163702135578396,1.0,1.4802973661668753e-16
488000,allCommunicative,0.8,0.42163702135578396,0.996662123629973,0.010555291877340015
488800,allCommunicative,0.8,0.42163702135578396,1.0,1.2819751242557092e-16
489600,allCommunicative,0.8,0.42163702135578396,1.0,1.2819751242557092e-16
490400,allCommunicative,0.8,0.42163702135578396,1.0,1.2819751242557092e-16
491200,allCommunicative,0.8,0.42163702135578396,1.0,1.2819751242557092e-16
492000,allCommunicative,0.8,0.42163702135578396,1.0,1.2819751242557092e-16
492800,allCommunicative,0.8,0.42163702135578396,1.0,1.2819751242557092e-16
493600,allCommunicative,0.8,0.42163702135578396,1.0,1.2819751242557092e-16
494400,allCommunicative,0.8,0.42163702135578396,1.0,1.2819751242557092e-16
495200,allCommunicative,0.8,0.42163702135578396,1.0,1.2819751242557092e-16
496000,allCommunicative,0.8,0.42163702135578396,1.0,1.2819751242557092e-16
496800,allCommunicative,0.8,0.42163702135578396,1.0,1.2819751242557092e-16
497600,allCommunicative,0.8,0.42163702135578396,1.0,1.2819751242557092e-16
498400,allCommunicative,0.8,0.42163702135578396,1.0,1.2819751242557092e-16
499200,allCommunicative,0.8,0.42163702135578396,1.0,1.2819751242557092e-16
500000,allCommunicative,0.8,0.42163702135578396,1.0,1.2819751242557092e-16
500800,allCommunicative,0.8,0.42163702135578396,1.0,1.2819751242557092e-16
501600,allCommunicative,0.8,0.42163702135578396,1.0,1.2819751242557092e-16
502400,allCommunicative,0.8,0.42163702135578396,1.0,1.2819751242557092e-16
503200,allCommunicative,0.8,0.42163702135578396,1.0,1.2819751242557092e-16
504000,allCommunicative,0.8,0.42163702135578396,1.0,1.2819751242557092e-16
504800,allCommunicative,0.8,0.42163702135578396,1.0,1.2819751242557092e-16
505600,allCommunicative,0.8,0.42163702135578396,1.0,1.2819751242557092e-16
506400,allCommunicative,0.8,0.42163702135578396,1.0,1.2819751242557092e-16
507200,allCommunicative,0.8,0.42163702135578396,1.0,1.2819751242557092e-16
508000,allCommunicative,0.8,0.42163702135578396,1.0,1.2819751242557092e-16
508800,allCommunicative,0.8,0.42163702135578396,1.0,1.0467283057891834e-16
509600,allCommunicative,0.8,0.42163702135578396,1.0,1.0467283057891834e-16
510400,allCommunicative,0.8,0.42163702135578396,1.0,1.0467283057891834e-16
511200,allCommunicative,0.8,0.42163702135578396,1.0,1.0467283057891834e-16
512000,allCommunicative,0.8,0.42163702135578396,1.0,1.0467283057891834e-16
512800,allCommunicative,0.8,0.42163702135578396,1.0,1.0467283057891834e-16
513600,allCommunicative,0.8,0.42163702135578396,1.0,1.0467283057891834e-16
514400,allCommunicative,0.8,0.42163702135578396,1.0,1.0467283057891834e-16
515200,allCommunicative,0.8,0.42163702135578396,1.0,1.0467283057891834e-16
516000,allCommunicative,0.8,0.42163702135578396,1.0,1.0467283057891834e-16
516800,allCommunicative,0.8,0.42163702135578396,1.0,1.0467283057891834e-16
517600,allCommunicative,0.8,0.42163702135578396,1.0,1.0467283057891834e-16
518400,allCommunicative,0.8,0.42163702135578396,1.0,1.0467283057891834e-16
519200,allCommunicative,0.8,0.42163702135578396,1.0,1.0467283057891834e-16
520000,allCommunicative,0.8,0.42163702135578396,1.0,1.0467283057891834e-16
520800,allCommunicative,0.8,0.42163702135578396,1.0,1.0467283057891834e-16
521600,allCommunicative,0.8,0.42163702135578396,1.0,1.0467283057891834e-16
522400,allCommunicative,0.8,0.42163702135578396,1.0,1.0467283057891834e-16
523200,allCommunicative,0.8,0.42163702135578396,1.0,1.0467283057891834e-16
524000,allCommunicative,0.8,0.42163702135578396,1.0,1.0467283057891834e-16
524800,allCommunicative,0.8,0.42163702135578396,1.0,1.0467283057891834e-16
525600,allCommunicative,0.8,0.42163702135578396,1.0,1.0467283057891834e-16
526400,allCommunicative,0.8,0.42163702135578396,1.0,1.0467283057891834e-16
527200,allCommunicative,0.8,0.42163702135578396,1.0,1.0467283057891834e-16
528000,allCommunicative,0.8,0.42163702135578396,1.0,1.0467283057891834e-16
528800,allCommunicative,0.8,0.42163702135578396,1.0,1.0467283057891834e-16
529600,allCommunicative,0.8,0.42163702135578396,1.0,1.0467283057891834e-16
530400,allCommunicative,0.8,0.42163702135578396,1.0,1.0467283057891834e-16
531200,allCommunicative,0.8,0.42163702135578396,1.0,1.0467283057891834e-16
532000,allCommunicative,0.8,0.42163702135578396,1.0,1.0467283057891834e-16
532800,allCommunicative,0.8,0.42163702135578396,1.0,1.0467283057891834e-16
533600,allCommunicative,0.8,0.42163702135578396,1.0,1.0467283057891834e-16
534400,allCommunicative,0.8,0.42163702135578396,1.0,1.0467283057891834e-16
535200,allCommunicative,0.8,0.42163702135578396,1.0,1.0467283057891834e-16
536000,allCommunicative,0.8,0.42163702135578396,1.0,1.0467283057891834e-16
536800,allCommunicative,0.8,0.42163702135578396,0.9156434465040231,0.2667588446091266
537600,allCommunicative,0.8,0.42163702135578396,1.0,1.0467283057891834e-16
538400,allCommunicative,0.8,0.42163702135578396,1.0,1.0467283057891834e-16
539200,allCommunicative,0.8,0.42163702135578396,1.0,1.0467283057891834e-16
540000,allCommunicative,0.8,0.42163702135578396,1.0,1.0467283057891834e-16
540800,allCommunicative,0.8,0.42163702135578396,1.0,1.0467283057891834e-16
541600,allCommunicative,0.8,0.42163702135578396,1.0,1.0467283057891834e-16
542400,allCommunicative,0.8,0.42163702135578396,1.0,1.0467283057891834e-16
543200,allCommunicative,0.8,0.42163702135578396,1.0,1.0467283057891834e-16
544000,allCommunicative,0.8,0.42163702135578396,1.0,1.0467283057891834e-16
544800,allCommunicative,0.8,0.42163702135578396,1.0,1.0467283057891834e-16
545600,allCommunicative,0.8,0.42163702135578396,1.0,1.0467283057891834e-16
546400,allCommunicative,0.8,0.42163702135578396,0.998022425952829,0.006253638230697561
547200,allCommunicative,0.8,0.42163702135578396,1.0,1.0467283057891834e-16
548000,allCommunicative,0.8,0.42163702135578396,1.0,1.0467283057891834e-16
548800,allCommunicative,0.8,0.42163702135578396,1.0,1.0467283057891834e-16
549600,allCommunicative,0.8,0.42163702135578396,1.0,1.0467283057891834e-16
550400,allCommunicative,0.8,0.42163702135578396,1.0,1.0467283057891834e-16
551200,allCommunicative,0.8,0.42163702135578396,1.0,1.0467283057891834e-16
552000,allCommunicative,0.8,0.42163702135578396,1.0,1.0467283057891834e-16
552800,allCommunicative,0.8,0.42163702135578396,1.0,1.0467283057891834e-16
553600,allCommunicative,0.8,0.42163702135578396,1.0,1.0467283057891834e-16
554400,allCommunicative,0.8,0.42163702135578396,1.0,1.0467283057891834e-16
555200,allCommunicative,0.8,0.42163702135578396,1.0,1.0467283057891834e-16
556000,allCommunicative,0.8,0.42163702135578396,1.0,1.0467283057891834e-16
556800,allCommunicative,0.8,0.42163702135578396,1.0,1.0467283057891834e-16
557600,allCommunicative,0.8,0.42163702135578396,1.0,1.0467283057891834e-16
558400,allCommunicative,0.79,0.41753243386991307,0.9905538513813742,0.029871344751310903
559200,allCommunicative,0.8,0.42163702135578396,1.0,1.0467283057891834e-16
560000,allCommunicative,0.8300000000000001,0.3653004851412661,0.990932381798941,0.028674326468144915
560800,allCommunicative,0.9,0.31622776601683794,1.0,1.0467283057891834e-16
561600,allCommunicative,0.9,0.31622776601683794,1.0,1.0467283057891834e-16
562400,allCommunicative,0.9,0.31622776601683794,1.0,1.0467283057891834e-16
563200,allCommunicative,0.9,0.31622776601683794,1.0,1.0467283057891834e-16
564000,allCommunicative,0.9,0.31622776601683794,1.0,1.0467283057891834e-16
564800,allCommunicative,0.9949999999999999,0.01581138830084191,0.9990886781860379,0.0028818526135162333
565600,allCommunicative,1.0,0.0,1.0,1.0467283057891834e-16
566400,allCommunicative,1.0,0.0,1.0,1.0467283057891834e-16
567200,allCommunicative,1.0,0.0,1.0,1.0467283057891834e-16
568000,allCommunicative,1.0,0.0,1.0,1.0467283057891834e-16
568800,allCommunicative,1.0,0.0,1.0,1.0467283057891834e-16
569600,allCommunicative,1.0,0.0,1.0,1.0467283057891834e-16
570400,allCommunicative,1.0,0.0,1.0,1.0467283057891834e-16
571200,allCommunicative,1.0,0.0,1.0,1.0467283057891834e-16
572000,allCommunicative,1.0,0.0,1.0,1.0467283057891834e-16
572800,allCommunicative,1.0,0.0,1.0,1.0467283057891834e-16
573600,allCommunicative,1.0,0.0,1.0,1.0467283057891834e-16
574400,allCommunicative,1.0,0.0,1.0,1.0467283057891834e-16
575200,allCommunicative,1.0,0.0,1.0,1.0467283057891834e-16
576000,allCommunicative,1.0,0.0,1.0,1.0467283057891834e-16
576800,allCommunicative,1.0,0.0,1.0,1.0467283057891834e-16
577600,allCommunicative,1.0,0.0,1.0,1.0467283057891834e-16
578400,allCommunicative,1.0,0.0,1.0,1.0467283057891834e-16
579200,allCommunicative,1.0,0.0,1.0,1.0467283057891834e-16
580000,allCommunicative,1.0,0.0,1.0,1.0467283057891834e-16
580800,allCommunicative,1.0,0.0,1.0,1.0467283057891834e-16
581600,allCommunicative,1.0,0.0,1.0,1.0467283057891834e-16
582400,allCommunicative,1.0,0.0,1.0,1.0467283057891834e-16
583200,allCommunicative,1.0,0.0,1.0,1.0467283057891834e-16
584000,allCommunicative,1.0,0.0,1.0,1.0467283057891834e-16
584800,allCommunicative,1.0,0.0,1.0,1.0467283057891834e-16
585600,allCommunicative,1.0,0.0,1.0,1.0467283057891834e-16
586400,allCommunicative,1.0,0.0,1.0,1.0467283057891834e-16
587200,allCommunicative,1.0,0.0,1.0,1.0467283057891834e-16
588000,allCommunicative,1.0,0.0,1.0,1.0467283057891834e-16
588800,allCommunicative,1.0,0.0,1.0,1.0467283057891834e-16
589600,allCommunicative,1.0,0.0,1.0,1.0467283057891834e-16
590400,allCommunicative,1.0,0.0,1.0,1.0467283057891834e-16
591200,allCommunicative,1.0,0.0,1.0,1.0467283057891834e-16
592000,allCommunicative,1.0,0.0,1.0,1.0467283057891834e-16
592800,allCommunicative,1.0,0.0,1.0,1.0467283057891834e-16
593600,allCommunicative,1.0,0.0,1.0,1.0467283057891834e-16
594400,allCommunicative,1.0,0.0,1.0,1.0467283057891834e-16
595200,allCommunicative,1.0,0.0,1.0,1.0467283057891834e-16
596000,allCommunicative,0.9949999999999999,0.01581138830084191,0.9997672475839661,0.0007360277655741296
596800,allCommunicative,1.0,0.0,1.0,1.0467283057891834e-16
597600,allCommunicative,1.0,0.0,1.0,1.0467283057891834e-16
598400,allCommunicative,1.0,0.0,1.0,1.0467283057891834e-16
599200,allCommunicative,1.0,0.0,1.0,1.0467283057891834e-16
600000,allCommunicative,1.0,0.0,1.0,1.0467283057891834e-16
600800,allCommunicative,1.0,0.0,1.0,1.0467283057891834e-16
601600,allCommunicative,1.0,0.0,1.0,1.0467283057891834e-16
602400,allCommunicative,1.0,0.0,1.0,1.0467283057891834e-16
603200,allCommunicative,1.0,0.0,1.0,1.0467283057891834e-16
604000,allCommunicative,1.0,0.0,1.0,1.0467283057891834e-16
604800,allCommunicative,1.0,0.0,1.0,1.0467283057891834e-16
605600,allCommunicative,1.0,0.0,1.0,1.0467283057891834e-16
606400,allCommunicative,1.0,0.0,1.0,1.0467283057891834e-16
607200,allCommunicative,1.0,0.0,1.0,1.0467283057891834e-16
608000,allCommunicative,1.0,0.0,1.0,1.0467283057891834e-16
608800,allCommunicative,1.0,0.0,1.0,1.0467283057891834e-16
609600,allCommunicative,1.0,0.0,1.0,1.0467283057891834e-16
610400,allCommunicative,1.0,0.0,1.0,1.0467283057891834e-16
611200,allCommunicative,1.0,0.0,1.0,1.0467283057891834e-16
612000,allCommunicative,1.0,0.0,1.0,1.0467283057891834e-16
612800,allCommunicative,1.0,0.0,1.0,1.0467283057891834e-16
613600,allCommunicative,1.0,0.0,1.0,1.0467283057891834e-16
614400,allCommunicative,1.0,0.0,1.0,1.0467283057891834e-16
615200,allCommunicative,1.0,0.0,1.0,1.0467283057891834e-16
616000,allCommunicative,1.0,0.0,1.0,1.0467283057891834e-16
616800,allCommunicative,1.0,0.0,1.0,1.0467283057891834e-16
617600,allCommunicative,1.0,0.0,1.0,1.0467283057891834e-16
618400,allCommunicative,1.0,0.0,1.0,1.0467283057891834e-16
619200,allCommunicative,1.0,0.0,0.9945983741580469,0.017081440728596967
620000,allCommunicative,1.0,0.0,1.0,1.0467283057891834e-16
620800,allCommunicative,1.0,0.0,1.0,1.0467283057891834e-16
621600,allCommunicative,1.0,0.0,1.0,1.0467283057891834e-16
622400,allCommunicative,1.0,0.0,1.0,1.0467283057891834e-16
623200,allCommunicative,1.0,0.0,1.0,1.0467283057891834e-16
624000,allCommunicative,1.0,0.0,1.0,1.0467283057891834e-16
624800,allCommunicative,1.0,0.0,1.0,1.0467283057891834e-16
625600,allCommunicative,1.0,0.0,1.0,1.0467283057891834e-16
626400,allCommunicative,1.0,0.0,1.0,1.0467283057891834e-16
627200,allCommunicative,1.0,0.0,1.0,1.0467283057891834e-16
628000,allCommunicative,1.0,0.0,1.0,1.0467283057891834e-16
628800,allCommunicative,1.0,0.0,1.0,1.0467283057891834e-16
629600,allCommunicative,1.0,0.0,1.0,1.0467283057891834e-16
630400,allCommunicative,1.0,0.0,1.0,1.0467283057891834e-16
631200,allCommunicative,1.0,0.0,1.0,1.0467283057891834e-16
632000,allCommunicative,1.0,0.0,1.0,1.0467283057891834e-16
632800,allCommunicative,1.0,0.0,1.0,1.0467283057891834e-16
633600,allCommunicative,1.0,0.0,1.0,1.0467283057891834e-16
634400,allCommunicative,1.0,0.0,1.0,1.0467283057891834e-16
635200,allCommunicative,1.0,0.0,1.0,1.0467283057891834e-16
636000,allCommunicative,1.0,0.0,1.0,1.0467283057891834e-16
636800,allCommunicative,1.0,0.0,1.0,1.0467283057891834e-16
637600,allCommunicative,1.0,0.0,1.0,1.0467283057891834e-16
638400,allCommunicative,1.0,0.0,1.0,1.0467283057891834e-16
639200,allCommunicative,1.0,0.0,1.0,1.0467283057891834e-16
640000,allCommunicative,1.0,0.0,1.0,1.0467283057891834e-16
640800,allCommunicative,1.0,0.0,1.0,1.0467283057891834e-16
641600,allCommunicative,1.0,0.0,1.0,1.0467283057891834e-16
642400,allCommunicative,1.0,0.0,1.0,1.0467283057891834e-16
643200,allCommunicative,1.0,0.0,1.0,1.0467283057891834e-16
644000,allCommunicative,1.0,0.0,1.0,1.0467283057891834e-16
644800,allCommunicative,1.0,0.0,1.0,1.0467283057891834e-16
645600,allCommunicative,1.0,0.0,1.0,1.0467283057891834e-16
646400,allCommunicative,1.0,0.0,1.0,1.0467283057891834e-16
647200,allCommunicative,1.0,0.0,1.0,1.0467283057891834e-16
648000,allCommunicative,1.0,0.0,1.0,1.0467283057891834e-16
648800,allCommunicative,1.0,0.0,1.0,1.0467283057891834e-16
649600,allCommunicative,1.0,0.0,1.0,1.0467283057891834e-16
650400,allCommunicative,1.0,0.0,1.0,1.0467283057891834e-16
651200,allCommunicative,1.0,0.0,1.0,1.0467283057891834e-16
652000,allCommunicative,0.945,0.17392527130926083,0.9185005471362062,0.25772389910712085
652800,allCommunicative,0.9,0.31622776601683794,1.0,1.0467283057891834e-16
653600,allCommunicative,0.9,0.31622776601683794,1.0,1.0467283057891834e-16
654400,allCommunicative,0.9,0.31622776601683794,1.0,1.0467283057891834e-16
655200,allCommunicative,0.9,0.31622776601683794,1.0,1.0467283057891834e-16
656000,allCommunicative,0.9,0.31622776601683794,1.0,1.0467283057891834e-16
656800,allCommunicative,1.0,0.0,1.0,1.0467283057891834e-16
657600,allCommunicative,1.0,0.0,1.0,1.0467283057891834e-16
658400,allCommunicative,1.0,0.0,1.0,1.0467283057891834e-16
659200,allCommunicative,1.0,0.0,1.0,1.0467283057891834e-16
660000,allCommunicative,1.0,0.0,1.0,1.0467283057891834e-16
660800,allCommunicative,0.99,0.031622776601683784,0.9905538513813742,0.029871344751310903
661600,allCommunicative,1.0,0.0,1.0,1.0467283057891834e-16
662400,allCommunicative,1.0,0.0,1.0,1.0467283057891834e-16
663200,allCommunicative,1.0,0.0,1.0,1.0467283057891834e-16
664000,allCommunicative,1.0,0.0,1.0,1.0467283057891834e-16
664800,allCommunicative,1.0,0.0,1.0,1.0467283057891834e-16
665600,allCommunicative,1.0,0.0,1.0,1.0467283057891834e-16
666400,allCommunicative,1.0,0.0,1.0,1.0467283057891834e-16
667200,allCommunicative,1.0,0.0,1.0,1.0467283057891834e-16
668000,allCommunicative,1.0,0.0,1.0,1.0467283057891834e-16
668800,allCommunicative,1.0,0.0,1.0,1.0467283057891834e-16
669600,allCommunicative,1.0,0.0,1.0,1.0467283057891834e-16
670400,allCommunicative,1.0,0.0,1.0,1.0467283057891834e-16
671200,allCommunicative,1.0,0.0,1.0,1.0467283057891834e-16
672000,allCommunicative,1.0,0.0,1.0,1.0467283057891834e-16
672800,allCommunicative,1.0,0.0,1.0,1.0467283057891834e-16
673600,allCommunicative,1.0,0.0,1.0,1.0467283057891834e-16
674400,allCommunicative,1.0,0.0,1.0,1.0467283057891834e-16
675200,allCommunicative,1.0,0.0,1.0,1.0467283057891834e-16
676000,allCommunicative,1.0,0.0,1.0,1.0467283057891834e-16
676800,allCommunicative,1.0,0.0,1.0,1.0467283057891834e-16
677600,allCommunicative,1.0,0.0,1.0,1.0467283057891834e-16
678400,allCommunicative,1.0,0.0,1.0,1.0467283057891834e-16
679200,allCommunicative,1.0,0.0,1.0,1.0467283057891834e-16
680000,allCommunicative,1.0,0.0,1.0,1.0467283057891834e-16
680800,allCommunicative,1.0,0.0,1.0,1.0467283057891834e-16
681600,allCommunicative,1.0,0.0,1.0,1.0467283057891834e-16
682400,allCommunicative,1.0,0.0,1.0,1.0467283057891834e-16
683200,allCommunicative,1.0,0.0,1.0,1.0467283057891834e-16
684000,allCommunicative,1.0,0.0,1.0,1.0467283057891834e-16
684800,allCommunicative,1.0,0.0,1.0,1.0467283057891834e-16
685600,allCommunicative,1.0,0.0,1.0,1.0467283057891834e-16
686400,allCommunicative,1.0,0.0,1.0,1.0467283057891834e-16
687200,allCommunicative,1.0,0.0,1.0,1.0467283057891834e-16
688000,allCommunicative,1.0,0.0,1.0,1.0467283057891834e-16
688800,allCommunicative,1.0,0.0,1.0,1.0467283057891834e-16
689600,allCommunicative,1.0,0.0,1.0,1.0467283057891834e-16
690400,allCommunicative,1.0,0.0,1.0,1.0467283057891834e-16
691200,allCommunicative,1.0,0.0,1.0,1.0467283057891834e-16
692000,allCommunicative,1.0,0.0,1.0,1.0467283057891834e-16
692800,allCommunicative,1.0,0.0,1.0,1.0467283057891834e-16
693600,allCommunicative,1.0,0.0,1.0,1.0467283057891834e-16
694400,allCommunicative,1.0,0.0,1.0,1.0467283057891834e-16
695200,allCommunicative,1.0,0.0,1.0,1.0467283057891834e-16
696000,allCommunicative,1.0,0.0,1.0,1.0467283057891834e-16
696800,allCommunicative,1.0,0.0,1.0,1.0467283057891834e-16
697600,allCommunicative,1.0,0.0,1.0,1.0467283057891834e-16
698400,allCommunicative,1.0,0.0,1.0,1.0467283057891834e-16
699200,allCommunicative,1.0,0.0,1.0,1.0467283057891834e-16
700000,allCommunicative,1.0,0.0,1.0,1.0467283057891834e-16
700800,allCommunicative,1.0,0.0,1.0,1.0467283057891834e-16
701600,allCommunicative,1.0,0.0,1.0,1.0467283057891834e-16
702400,allCommunicative,1.0,0.0,1.0,1.0467283057891834e-16
703200,allCommunicative,1.0,0.0,1.0,1.0467283057891834e-16
704000,allCommunicative,1.0,0.0,1.0,1.0467283057891834e-16
704800,allCommunicative,1.0,0.0,1.0,1.0467283057891834e-16
705600,allCommunicative,1.0,0.0,1.0,1.0467283057891834e-16
706400,allCommunicative,1.0,0.0,1.0,1.0467283057891834e-16
707200,allCommunicative,1.0,0.0,1.0,1.0467283057891834e-16
708000,allCommunicative,1.0,0.0,1.0,1.0467283057891834e-16
708800,allCommunicative,1.0,0.0,1.0,1.0467283057891834e-16
709600,allCommunicative,1.0,0.0,1.0,1.0467283057891834e-16
710400,allCommunicative,1.0,0.0,1.0,1.0467283057891834e-16
711200,allCommunicative,1.0,0.0,1.0,1.0467283057891834e-16
712000,allCommunicative,1.0,0.0,1.0,1.0467283057891834e-16
712800,allCommunicative,1.0,0.0,1.0,1.0467283057891834e-16
713600,allCommunicative,1.0,0.0,1.0,1.0467283057891834e-16
714400,allCommunicative,1.0,0.0,1.0,1.0467283057891834e-16
715200,allCommunicative,1.0,0.0,1.0,1.0467283057891834e-16
716000,allCommunicative,1.0,0.0,1.0,1.0467283057891834e-16
716800,allCommunicative,1.0,0.0,1.0,1.0467283057891834e-16
717600,allCommunicative,1.0,0.0,1.0,1.0467283057891834e-16
718400,allCommunicative,1.0,0.0,1.0,1.0467283057891834e-16
719200,allCommunicative,1.0,0.0,1.0,1.0467283057891834e-16
720000,allCommunicative,1.0,0.0,1.0,1.0467283057891834e-16
720800,allCommunicative,1.0,0.0,1.0,1.0467283057891834e-16
721600,allCommunicative,1.0,0.0,1.0,1.0467283057891834e-16
722400,allCommunicative,1.0,0.0,1.0,1.0467283057891834e-16
723200,allCommunicative,1.0,0.0,1.0,1.0467283057891834e-16
724000,allCommunicative,1.0,0.0,1.0,1.0467283057891834e-16
724800,allCommunicative,1.0,0.0,1.0,1.0467283057891834e-16
725600,allCommunicative,1.0,0.0,1.0,1.0467283057891834e-16
726400,allCommunicative,1.0,0.0,1.0,1.0467283057891834e-16
727200,allCommunicative,1.0,0.0,1.0,1.0467283057891834e-16
728000,allCommunicative,1.0,0.0,1.0,1.0467283057891834e-16
728800,allCommunicative,1.0,0.0,1.0,1.0467283057891834e-16
729600,allCommunicative,1.0,0.0,1.0,1.0467283057891834e-16
730400,allCommunicative,1.0,0.0,1.0,1.0467283057891834e-16
731200,allCommunicative,1.0,0.0,1.0,1.0467283057891834e-16
732000,allCommunicative,1.0,0.0,1.0,1.0467283057891834e-16
732800,allCommunicative,1.0,0.0,1.0,1.0467283057891834e-16
733600,allCommunicative,1.0,0.0,1.0,1.0467283057891834e-16
734400,allCommunicative,1.0,0.0,1.0,1.0467283057891834e-16
735200,allCommunicative,1.0,0.0,1.0,1.0467283057891834e-16
736000,allCommunicative,1.0,0.0,1.0,1.0467283057891834e-16
736800,allCommunicative,1.0,0.0,1.0,1.0467283057891834e-16
737600,allCommunicative,1.0,0.0,1.0,1.0467283057891834e-16
738400,allCommunicative,1.0,0.0,1.0,1.0467283057891834e-16
739200,allCommunicative,1.0,0.0,1.0,1.0467283057891834e-16
740000,allCommunicative,1.0,0.0,1.0,1.0467283057891834e-16
740800,allCommunicative,1.0,0.0,1.0,1.0467283057891834e-16
741600,allCommunicative,1.0,0.0,1.0,1.0467283057891834e-16
742400,allCommunicative,1.0,0.0,1.0,1.0467283057891834e-16
743200,allCommunicative,1.0,0.0,1.0,1.0467283057891834e-16
744000,allCommunicative,1.0,0.0,1.0,1.0467283057891834e-16
744800,allCommunicative,1.0,0.0,1.0,1.0467283057891834e-16
745600,allCommunicative,1.0,0.0,1.0,1.0467283057891834e-16
746400,allCommunicative,1.0,0.0,1.0,1.0467283057891834e-16
747200,allCommunicative,1.0,0.0,1.0,1.0467283057891834e-16
748000,allCommunicative,1.0,0.0,1.0,1.0467283057891834e-16
748800,allCommunicative,1.0,0.0,1.0,1.0467283057891834e-16
749600,allCommunicative,1.0,0.0,1.0,1.0467283057891834e-16
750400,allCommunicative,1.0,0.0,1.0,1.0467283057891834e-16
751200,allCommunicative,1.0,0.0,1.0,1.0467283057891834e-16
752000,allCommunicative,1.0,0.0,1.0,1.0467283057891834e-16
752800,allCommunicative,1.0,0.0,1.0,1.0467283057891834e-16
753600,allCommunicative,1.0,0.0,1.0,1.0467283057891834e-16
754400,allCommunicative,1.0,0.0,1.0,1.0467283057891834e-16
755200,allCommunicative,1.0,0.0,1.0,1.0467283057891834e-16
756000,allCommunicative,1.0,0.0,1.0,1.0467283057891834e-16
756800,allCommunicative,1.0,0.0,1.0,1.0467283057891834e-16
757600,allCommunicative,1.0,0.0,1.0,1.0467283057891834e-16
758400,allCommunicative,1.0,0.0,1.0,1.0467283057891834e-16
759200,allCommunicative,1.0,0.0,1.0,1.0467283057891834e-16
760000,allCommunicative,1.0,0.0,1.0,1.0467283057891834e-16
760800,allCommunicative,1.0,0.0,1.0,1.0467283057891834e-16
761600,allCommunicative,1.0,0.0,1.0,1.0467283057891834e-16
762400,allCommunicative,1.0,0.0,1.0,1.0467283057891834e-16
763200,allCommunicative,1.0,0.0,1.0,1.0467283057891834e-16
764000,allCommunicative,1.0,0.0,1.0,1.0467283057891834e-16
764800,allCommunicative,1.0,0.0,1.0,1.0467283057891834e-16
765600,allCommunicative,1.0,0.0,1.0,1.0467283057891834e-16
766400,allCommunicative,1.0,0.0,1.0,1.0467283057891834e-16
767200,allCommunicative,1.0,0.0,1.0,1.0467283057891834e-16
768000,allCommunicative,1.0,0.0,1.0,1.0467283057891834e-16
768800,allCommunicative,1.0,0.0,1.0,1.0467283057891834e-16
769600,allCommunicative,1.0,0.0,1.0,1.0467283057891834e-16
770400,allCommunicative,1.0,0.0,1.0,1.0467283057891834e-16
771200,allCommunicative,1.0,0.0,1.0,1.0467283057891834e-16
772000,allCommunicative,1.0,0.0,1.0,1.0467283057891834e-16
772800,allCommunicative,1.0,0.0,1.0,1.0467283057891834e-16
773600,allCommunicative,1.0,0.0,1.0,1.0467283057891834e-16
774400,allCommunicative,1.0,0.0,1.0,1.0467283057891834e-16
775200,allCommunicative,1.0,0.0,1.0,1.0467283057891834e-16
776000,allCommunicative,1.0,0.0,1.0,1.0467283057891834e-16
776800,allCommunicative,1.0,0.0,1.0,1.0467283057891834e-16
777600,allCommunicative,1.0,0.0,1.0,1.0467283057891834e-16
778400,allCommunicative,1.0,0.0,1.0,1.0467283057891834e-16
779200,allCommunicative,1.0,0.0,1.0,1.0467283057891834e-16
780000,allCommunicative,1.0,0.0,1.0,1.0467283057891834e-16
780800,allCommunicative,1.0,0.0,1.0,1.0467283057891834e-16
781600,allCommunicative,1.0,0.0,1.0,1.0467283057891834e-16
782400,allCommunicative,1.0,0.0,1.0,1.0467283057891834e-16
783200,allCommunicative,1.0,0.0,1.0,1.0467283057891834e-16
784000,allCommunicative,1.0,0.0,1.0,1.0467283057891834e-16
784800,allCommunicative,1.0,0.0,1.0,1.0467283057891834e-16
785600,allCommunicative,1.0,0.0,1.0,1.0467283057891834e-16
786400,allCommunicative,1.0,0.0,1.0,1.0467283057891834e-16
787200,allCommunicative,1.0,0.0,1.0,1.0467283057891834e-16
788000,allCommunicative,1.0,0.0,1.0,1.0467283057891834e-16
788800,allCommunicative,1.0,0.0,1.0,1.0467283057891834e-16
789600,allCommunicative,1.0,0.0,1.0,1.0467283057891834e-16
790400,allCommunicative,1.0,0.0,1.0,1.0467283057891834e-16
791200,allCommunicative,1.0,0.0,1.0,1.0467283057891834e-16
792000,allCommunicative,1.0,0.0,1.0,1.0467283057891834e-16
792800,allCommunicative,1.0,0.0,1.0,1.0467283057891834e-16
793600,allCommunicative,1.0,0.0,1.0,1.0467283057891834e-16
794400,allCommunicative,1.0,0.0,1.0,1.0467283057891834e-16
795200,allCommunicative,1.0,0.0,1.0,1.0467283057891834e-16
796000,allCommunicative,1.0,0.0,1.0,1.0467283057891834e-16
796800,allCommunicative,1.0,0.0,1.0,1.0467283057891834e-16
797600,allCommunicative,1.0,0.0,1.0,1.0467283057891834e-16
798400,allCommunicative,1.0,0.0,1.0,1.0467283057891834e-16
799200,allCommunicative,1.0,0.0,1.0,1.0467283057891834e-16
800000,allCommunicative,1.0,0.0,1.0,1.0467283057891834e-16
