time,game_type,communicative_fraction_mean,order_parameter_mean,communicative_fraction_std,order_parameter_std
0,staghunt,0.5126666666666667,0.05634379970461454,0.026237283810036347,0.01653043798385966
800,staghunt,0.5036666666666668,0.20098833729841803,0.0979474537887724,0.03835685554657758
1600,staghunt,0.5006666666666666,0.20979076305567088,0.10277387379972824,0.040191660321180746
2400,staghunt,0.4993333333333333,0.21317561759050455,0.10427646065586221,0.03951608514177526
3200,staghunt,0.49766666666666665,0.2149578501090415,0.10660935960578487,0.039013477586870224
4000,staghunt,0.496,0.2147547035352782,0.1070456231337777,0.03907132805907581
4800,staghunt,0.4966666666666667,0.2158435435614899,0.10834330438443471,0.04093869804111651
5600,staghunt,0.4956666666666667,0.22169901561624822,0.10929685479983312,0.04449174167145992
6400,staghunt,0.49433333333333335,0.22405014710118815,0.11068864128103648,0.045816871774158996
7200,staghunt,0.49433333333333335,0.22552926903052278,0.11137801276910564,0.04465939695351482
8000,staghunt,0.49366666666666675,0.22641405899695521,0.11212261806380316,0.04525678291352419
8800,staghunt,0.4926666666666667,0.22837571541806923,0.11243434298061017,0.0453512959549031
9600,staghunt,0.4916666666666667,0.23107659035937161,0.1135863189466577,0.048286455634599997
10400,staghunt,0.491,0.2331196465992081,0.11428845896175105,0.049476311264488905
11200,staghunt,0.491,0.23409778758662325,0.11428845896175105,0.049698576948533926
12000,staghunt,0.49066666666666664,0.2354049524606479,0.11478159615031854,0.04897326883747803
12800,staghunt,0.4893333333333333,0.23701256720773478,0.11612891942115851,0.05158676714590249
13600,staghunt,0.4893333333333333,0.2175700688915006,0.11612891942115851,0.06732228405622741
14400,staghunt,0.48966666666666664,0.21870531608070437,0.11651789456167846,0.06746752035493997
15200,staghunt,0.48999999999999994,0.2207716609383148,0.11691507944858584,0.06464705944499215
16000,staghunt,0.48999999999999994,0.22216728208929423,0.11691507944858584,0.062110100665484606
16800,staghunt,0.48933333333333334,0.22337975339576915,0.11755534551546035,0.059715256365815726
17600,staghunt,0.4886666666666667,0.2244179941136842,0.11842797467315391,0.061210287329357085
18400,staghunt,0.48999999999999994,0.2240609045539134,0.118363324316318,0.06353278757411328
19200,staghunt,0.49033333333333334,0.22530504364998327,0.11797101548188504,0.06321494209911949
20000,staghunt,0.4893333333333333,0.22685022255847379,0.11975076999159648,0.06556920202249397
20800,staghunt,0.48966666666666664,0.22802484549623125,0.11937543225957546,0.06473453333974227
21600,staghunt,0.489,0.22901455954986544,0.1201239072225831,0.06440028146312694
22400,staghunt,0.4886666666666666,0.2291928320907925,0.1206279864339578,0.06468185272575667
23200,staghunt,0.4893333333333333,0.23152710122045397,0.12147041503343545,0.06349437751780726
24000,staghunt,0.489,0.23264052233754073,0.12184841827876568,0.06310581175023276
24800,staghunt,0.4893333333333333,0.2330013087512583,0.12217979061435612,0.06293746334483238
25600,staghunt,0.4886666666666666,0.23438035128677667,0.12287904320615153,0.06543799879700543
26400,staghunt,0.4886666666666666,0.23481420222342592,0.12285894752786353,0.06434551094135206
27200,staghunt,0.4879999999999999,0.23687142684478632,0.12362028680051661,0.06241786233130215
28000,staghunt,0.4873333333333333,0.22702233820131953,0.12298549548123727,0.04366913850637612
28800,staghunt,0.4873333333333333,0.22530837039394086,0.1236861819482608,0.042383641611812344
29600,staghunt,0.4873333333333333,0.22564357856429113,0.1236861819482608,0.0425722274876252
30400,staghunt,0.487,0.22734005591506098,0.1239718207726216,0.043411853262809406
31200,staghunt,0.46799999999999997,0.2300149455135469,0.12446626792770744,0.044018036117920455
32000,staghunt,0.46699999999999997,0.23025690104446267,0.1253188525913592,0.04405452320192694
32800,staghunt,0.46699999999999997,0.23121346625401204,0.12524001648193386,0.04408453224585109
33600,staghunt,0.4666666666666667,0.2332470344995275,0.1255506390384492,0.04452846673252134
34400,staghunt,0.4663333333333333,0.23517850146503458,0.1259183548922294,0.04447476939066531
35200,staghunt,0.46566666666666673,0.23619794772720856,0.12648183395645266,0.04490842375449253
36000,staghunt,0.4646666666666667,0.23917592038304192,0.12809333017205815,0.04223675305446161
36800,staghunt,0.46333333333333326,0.2401081525612876,0.12940509654702817,0.04238804504811651
37600,staghunt,0.46333333333333326,0.2412652125512195,0.12944325225965067,0.041072452121046966
38400,staghunt,0.4626666666666666,0.24345197745813607,0.13015470377047558,0.04203479067886022
39200,staghunt,0.4623333333333333,0.24409982037313244,0.13046971173039493,0.04218534041398873
40000,staghunt,0.4613333333333333,0.2449444095493803,0.1313293851634409,0.04264889910139698
40800,staghunt,0.46033333333333326,0.24581811339248794,0.13217506161746342,0.04478551204921989
41600,staghunt,0.45899999999999996,0.24599247266392443,0.1327212804022209,0.044738344180121285
42400,staghunt,0.45866666666666667,0.24583352600132394,0.13235007823902692,0.045080271933217356
43200,staghunt,0.458,0.24568107095499186,0.13293644633971566,0.04600975150928639
44000,staghunt,0.45666666666666667,0.24601805000738292,0.13424687043734845,0.046529839571741345
44800,staghunt,0.45633333333333337,0.2467731192089444,0.13463668533143944,0.04714995109300384
45600,staghunt,0.45633333333333337,0.24741893782086635,0.13463668533143944,0.048045253160959776
46400,staghunt,0.4576666666666667,0.24837401570957685,0.13479797412112876,0.046747916843485664
47200,staghunt,0.4576666666666667,0.24807455577033735,0.1349535814115449,0.04640437396096896
48000,staghunt,0.4573333333333333,0.24874022534335963,0.1351249992862119,0.046842731072088355
48800,staghunt,0.4566666666666667,0.2506722237005374,0.13646326326972483,0.04554940376941406
49600,staghunt,0.4566666666666667,0.2511356465708334,0.13724808573177638,0.045708675411502454
50400,staghunt,0.45533333333333337,0.2521815810787936,0.13818220213780907,0.046335497941674776
51200,staghunt,0.45500000000000007,0.25306807376955254,0.1378248127600603,0.047296978151428734
52000,staghunt,0.4716666666666667,0.25012178811695607,0.13054728106166208,0.046013922491230715
52800,staghunt,0.47300000000000003,0.2515658665686728,0.1308608723080913,0.04567688692738815
53600,staghunt,0.4733333333333333,0.25134645472397416,0.13152477117295727,0.04706645925045102
54400,staghunt,0.47300000000000003,0.25189328516395626,0.13226843263456683,0.04691836368104833
55200,staghunt,0.47300000000000014,0.25197194506750903,0.13295734022981828,0.04759207235762818
56000,staghunt,0.47333333333333344,0.25200002945711003,0.13346290000974934,0.04718715586181727
56800,staghunt,0.47366666666666674,0.24354825261977356,0.13360574024779212,0.062156722375810367
57600,staghunt,0.47333333333333344,0.25081095714884455,0.1339614833164581,0.04952039027279003
58400,staghunt,0.47300000000000003,0.2511830931461776,0.13513093787275499,0.047868212403111586
59200,staghunt,0.47233333333333327,0.2531149470495909,0.13526425896402353,0.04592673993116938
60000,staghunt,0.47233333333333327,0.2527775668391662,0.13526425896402353,0.04547986059774171
60800,staghunt,0.472,0.25444978803389195,0.13622965359465067,0.04565435396858333
61600,staghunt,0.47133333333333327,0.2570223573027612,0.13675426280398623,0.04525064543151435
62400,staghunt,0.4703333333333333,0.25996677750851965,0.1378176465613301,0.04611360618482217
63200,staghunt,0.4703333333333333,0.2608280590362881,0.1378176465613301,0.04615525070796058
64000,staghunt,0.4703333333333333,0.26190702588903453,0.1383540814426949,0.04615381323320271
64800,staghunt,0.47000000000000003,0.2623026326213945,0.13941677458985,0.04592922177700647
65600,staghunt,0.46900000000000003,0.26241166957002343,0.14028234316003257,0.04595237630804892
66400,staghunt,0.4680000000000001,0.2616528092141376,0.14014278433083882,0.0470647973413111
67200,staghunt,0.4680000000000001,0.26534307561922793,0.1400546630497368,0.04750773953971792
68000,staghunt,0.4676666666666667,0.2648905979868748,0.14034393379511073,0.04895722903946931
68800,staghunt,0.4676666666666667,0.2648905979868748,0.14034393379511073,0.04895722903946931
69600,staghunt,0.4676666666666667,0.2661828612919018,0.14034393379511073,0.04961461305542768
70400,staghunt,0.4683333333333334,0.2642237526793584,0.14068834307270525,0.04919750997193187
71200,staghunt,0.4676666666666667,0.26414325947437106,0.1413257335482925,0.04969300535712076
72000,staghunt,0.4673333333333334,0.26490474861600927,0.1408860847950886,0.05021029018067651
72800,staghunt,0.46699999999999997,0.26541029217695217,0.14177403338838138,0.050007511219075734
73600,staghunt,0.4670000000000001,0.26639589418240817,0.14220876672460572,0.04960062068461352
74400,staghunt,0.4663333333333334,0.2680528691623719,0.14378868239602585,0.04983726980330553
75200,staghunt,0.4666666666666667,0.26847694746098083,0.14423061095274636,0.04950602751247613
76000,staghunt,0.4663333333333334,0.2695723389222985,0.14452519110590215,0.0497713271498442
76800,staghunt,0.4663333333333334,0.2712234835420916,0.1446020507683752,0.050058435519799674
77600,staghunt,0.4666666666666667,0.27226826834106316,0.14491376746189438,0.05006146841117511
78400,staghunt,0.4666666666666667,0.2728409446012928,0.14491376746189438,0.050370119723244365
79200,staghunt,0.4663333333333334,0.2729558587569757,0.14516444485266605,0.050277397300462795
80000,staghunt,0.46566666666666673,0.2736765529921563,0.14590754725400265,0.04982030972353172
80800,staghunt,0.46566666666666673,0.2736765529921563,0.14590754725400265,0.04982030972353172
81600,staghunt,0.4663333333333333,0.27462551304189414,0.14601242970935602,0.05104005432025099
82400,staghunt,0.46699999999999997,0.2761048766900582,0.146417718013047,0.05172883863792559
83200,staghunt,0.4666666666666667,0.27621383250141796,0.14625362715772255,0.053908970718652194
84000,staghunt,0.4676666666666667,0.2777260430222418,0.14707057178925956,0.05221035212551604
84800,staghunt,0.4673333333333334,0.27820145353366005,0.14679119292719048,0.05296419795607661
85600,staghunt,0.4673333333333334,0.2801828409974402,0.14731171284300765,0.054732912394463144
86400,staghunt,0.46799999999999997,0.2785253568346803,0.14728992154134077,0.05477808742438821
87200,staghunt,0.4676666666666667,0.278689917071015,0.14753154088382442,0.05410402138424167
88000,staghunt,0.46799999999999997,0.27907218800793515,0.14797564030426355,0.05374161022282243
88800,staghunt,0.4676666666666667,0.27944736940940884,0.14775730852388394,0.054801600399074654
89600,staghunt,0.46799999999999997,0.27961123679935207,0.14797564030426355,0.05489962723834029
90400,staghunt,0.46799999999999997,0.27916520790312027,0.14788383829759638,0.055602720353258715
91200,staghunt,0.46799999999999997,0.2785311736885747,0.14788383829759638,0.05689087152982466
92000,staghunt,0.46733333333333327,0.2792496738512756,0.14865487413784412,0.05795635640194479
92800,staghunt,0.4676666666666667,0.2807170160242281,0.14919578652243967,0.05630100599425308
93600,staghunt,0.4676666666666667,0.2808833839881668,0.14905504824529564,0.0579734821387051
94400,staghunt,0.46699999999999997,0.2818151634030034,0.14964525954303967,0.056958936475775275
95200,staghunt,0.46699999999999997,0.2848366859269269,0.14964525954303967,0.05787903366490305
96000,staghunt,0.4666666666666667,0.28533083444133045,0.14942688868382556,0.057596426384172145
96800,staghunt,0.4666666666666667,0.28576751966191416,0.14942688868382556,0.05670925265864019
97600,staghunt,0.4666666666666667,0.2870191882352954,0.14942688868382556,0.05789214226258042
98400,staghunt,0.4666666666666667,0.287194714434326,0.14942688868382556,0.05771577122937815
99200,staghunt,0.4666666666666667,0.2874856880357435,0.1499629583893599,0.058788149991736524
100000,staghunt,0.466,0.2884083165109556,0.15088054305179624,0.05963913071977304
100800,staghunt,0.4663333333333333,0.28974542579616946,0.14981840860039713,0.05835157123487961
101600,staghunt,0.4659999999999999,0.28941433013037565,0.1500682972088392,0.05842438479291572
102400,staghunt,0.4656666666666666,0.28991002003338073,0.15039905765399553,0.058302246762289324
103200,staghunt,0.46433333333333326,0.28798661021887434,0.15046471224054372,0.06120555542119665
104000,staghunt,0.4646666666666667,0.2886660387140609,0.15069550690869696,0.06176395617770713
104800,staghunt,0.46499999999999997,0.28969857369735175,0.15047455795779097,0.06260082874249306
105600,staghunt,0.46499999999999997,0.2894355457672471,0.15047455795779097,0.06317162768055373
106400,staghunt,0.465,0.28951405301058863,0.15045814807110863,0.06429642402107388
107200,staghunt,0.4656666666666666,0.2905679297321285,0.1503662196106559,0.06516268272254111
108000,staghunt,0.4656666666666666,0.2909739188717405,0.1503662196106559,0.06535226265093619
108800,staghunt,0.4663333333333332,0.29145790235926405,0.15091040592776878,0.06477051311498781
109600,staghunt,0.4666666666666667,0.29386002018137497,0.15290600679365166,0.0641518810221408
110400,staghunt,0.4663333333333333,0.29391236258437853,0.1532322533176032,0.06417925295080525
111200,staghunt,0.4663333333333333,0.2944241984632379,0.1532322533176032,0.06491803087909585
112000,staghunt,0.4663333333333333,0.29507910761060396,0.1532322533176032,0.06551264013647856
112800,staghunt,0.46699999999999997,0.29400073134883437,0.15329669449538003,0.06553115969131165
113600,staghunt,0.46733333333333327,0.29465724123320103,0.15289631764897835,0.06516288847109071
114400,staghunt,0.4676666666666667,0.29471264066115754,0.15272867897914932,0.06665683923332211
115200,staghunt,0.4666666666666667,0.29584936857502175,0.15290600679365166,0.06734774101945651
116000,staghunt,0.46733333333333327,0.29636172306139474,0.15289631764897835,0.06577075901311587
116800,staghunt,0.4666666666666666,0.29760184162691716,0.15347014830172379,0.06518409920820796
117600,staghunt,0.4666666666666666,0.2979971578980585,0.15347014830172379,0.06542163536687413
118400,staghunt,0.4666666666666666,0.2981275852834818,0.15420044674960504,0.0654698674187528
119200,staghunt,0.4666666666666666,0.2989070288822034,0.15420044674960504,0.06598501395023572
120000,staghunt,0.4666666666666666,0.29875960462466283,0.15420044674960504,0.06672800943831399
120800,staghunt,0.4666666666666666,0.29905099478685165,0.15420044674960504,0.06702612291921245
121600,staghunt,0.4666666666666666,0.30096716483074404,0.15483962232573195,0.06699786511942779
122400,staghunt,0.4669999999999999,0.3011210622326409,0.1545159706476492,0.06652911349012235
123200,staghunt,0.4669999999999999,0.3009505821909067,0.1545159706476492,0.06634986806578291
124000,staghunt,0.46799999999999997,0.3031169398911101,0.15436208835393378,0.0682648421591956
124800,staghunt,0.46799999999999997,0.30338775629831427,0.1550802261515306,0.06817863174054765
125600,staghunt,0.469,0.30272218119551697,0.15427288633065153,0.07099744389269586
126400,staghunt,0.4686666666666667,0.3022654357357725,0.15451397315852883,0.07173160165663943
127200,staghunt,0.4686666666666667,0.3023476177603418,0.15464176044676314,0.07247243435056215
128000,staghunt,0.4686666666666667,0.3028697349328081,0.15456989309646252,0.07126943028581503
128800,staghunt,0.469,0.30284259694953175,0.15510291286834982,0.07192380925975261
129600,staghunt,0.469,0.3025165548797585,0.15510291286834982,0.07226558062480846
130400,staghunt,0.4696666666666666,0.3024528155060825,0.15524134933454384,0.07147161539317672
131200,staghunt,0.4696666666666666,0.3026253483164669,0.15524134933454384,0.0713181028217947
132000,staghunt,0.469,0.3029476321453059,0.1558730886108517,0.07158949455151008
132800,staghunt,0.4693333333333333,0.30325758082192766,0.15611644909814068,0.07136890698054868
133600,staghunt,0.4693333333333333,0.303567459314152,0.15611644909814068,0.07102859008775897
134400,staghunt,0.4686666666666667,0.3043007890655385,0.15693987210645396,0.07200374033871958
135200,staghunt,0.469,0.3046731700721953,0.15635548291325457,0.07104744982851133
136000,staghunt,0.4686666666666667,0.3062206085430078,0.15724636642252318,0.0696472611773654
136800,staghunt,0.4686666666666667,0.30765013199016783,0.15781846110853656,0.07105352106367047
137600,staghunt,0.46799999999999997,0.3060796343783779,0.15799046697291894,0.0707631342834588
138400,staghunt,0.46833333333333327,0.30624035267133554,0.157748432325759,0.07148098057675606
139200,staghunt,0.46733333333333327,0.3075029768364015,0.15856454852640522,0.07092454018767576
140000,staghunt,0.46766666666666656,0.3070760622740648,0.15823915327639246,0.07076787387111966
140800,staghunt,0.46733333333333327,0.30756494375953436,0.15872796823885377,0.07090059931404652
141600,staghunt,0.46733333333333327,0.30764331314611865,0.15872796823885377,0.07060552216591509
142400,staghunt,0.4676666666666667,0.30803584234643655,0.15904071999737662,0.07099608443217936
143200,staghunt,0.4676666666666667,0.30935809512258006,0.15904071999737662,0.07156201955328761
144000,staghunt,0.46733333333333327,0.3094458423174655,0.1603145057090616,0.07153092335097605
144800,staghunt,0.46733333333333327,0.3087569803992664,0.15986722886257063,0.07251372097047294
145600,staghunt,0.4676666666666667,0.309356562902939,0.1603010285465643,0.07365813686879277
146400,staghunt,0.46699999999999997,0.31006080619913096,0.16091904260094558,0.07391445217475735
147200,staghunt,0.46699999999999997,0.3108669165847472,0.16091904260094558,0.07425148440448602
148000,staghunt,0.4656666666666666,0.3108453159978617,0.16262545015168148,0.07456131182584984
148800,staghunt,0.466,0.3121030432583495,0.1634564917381932,0.0751352523777062
149600,staghunt,0.4656666666666666,0.31118580273644053,0.1633299319373723,0.07617254878833854
150400,staghunt,0.466,0.31247970624314925,0.16363766055103968,0.07512551441724175
151200,staghunt,0.46699999999999997,0.3125729303220515,0.16248418726482622,0.075459319688918
152000,staghunt,0.46733333333333327,0.31311910588355446,0.16279806471989527,0.07417265719862878
152800,staghunt,0.4680000000000001,0.3135168137425902,0.16280109806406157,0.07265237884277044
153600,staghunt,0.4666666666666667,0.31453495968714795,0.16345044931940705,0.07481064290740044
154400,staghunt,0.466,0.31337090649376703,0.1634564917381932,0.07568505013465004
155200,staghunt,0.4666666666666666,0.3140782936256587,0.16403101182247878,0.07462209697332883
156000,staghunt,0.46699999999999997,0.3147015569828227,0.16380091800945665,0.07522338958328283
156800,staghunt,0.4666666666666666,0.31472233152856166,0.1641288262461481,0.07509432921064445
157600,staghunt,0.4676666666666667,0.31577690933956076,0.16345082697712537,0.07473142805024548
158400,staghunt,0.471,0.31504336589745907,0.158792122826055,0.07402775848790559
159200,staghunt,0.47000000000000003,0.31800097398415705,0.15983015676756898,0.07575541007288351
160000,staghunt,0.47400000000000003,0.29859184923680043,0.14524394124759835,0.09055053406453434
160800,staghunt,0.45299999999999996,0.3037659920862582,0.1362319191763411,0.0732083411907176
161600,staghunt,0.4666666666666666,0.30410868976739724,0.14295816533880476,0.07331906430722153
162400,staghunt,0.4666666666666666,0.30570180812452913,0.1454749564803611,0.071468042149891
163200,staghunt,0.4663333333333333,0.30560317493143485,0.14719140138600253,0.06945162617390203
164000,staghunt,0.4663333333333333,0.30470332776744136,0.14791096754800725,0.0688235470319953
164800,staghunt,0.4659999999999999,0.2975126445286667,0.14801401335058836,0.07730479835957176
165600,staghunt,0.4659999999999999,0.30133557565689495,0.14933432539353014,0.07480975838619336
166400,staghunt,0.4659999999999999,0.30182633363726946,0.14933432539353014,0.07438264152346166
167200,staghunt,0.4659999999999999,0.30150917415838147,0.14933432539353014,0.0735735114076417
168000,staghunt,0.4656666666666666,0.3027113443357256,0.14970794613447364,0.07487590055523226
168800,staghunt,0.4646666666666667,0.3033158398164627,0.14987402117185694,0.07341957629886271
169600,staghunt,0.46433333333333343,0.30488924185741306,0.1508580397199571,0.07333578985063258
170400,staghunt,0.46433333333333326,0.305449034132889,0.15021835958216143,0.07299993029985372
171200,staghunt,0.46433333333333326,0.30610925839798664,0.15021835958216143,0.07378430820412914
172000,staghunt,0.4646666666666667,0.3056216508893158,0.15059716522179128,0.07395005489420445
172800,staghunt,0.4646666666666667,0.30607964346216654,0.15059716522179128,0.073589034746063
173600,staghunt,0.4643333333333334,0.30652579259786045,0.15072704460483738,0.07339643170634007
174400,staghunt,0.46366666666666667,0.30667160741514005,0.15138414875351766,0.07336693967788932
175200,staghunt,0.4640000000000001,0.30744398534934436,0.1504626609683579,0.07383296741217009
176000,staghunt,0.4633333333333334,0.3076388140967494,0.15074301572584867,0.07261028822629344
176800,staghunt,0.466,0.3083266739369918,0.14753781687217488,0.07141280812277617
177600,staghunt,0.46966666666666673,0.30823142237460815,0.1443884506854964,0.0712482694475541
178400,staghunt,0.4680000000000001,0.3102788901319184,0.14759972565132254,0.07208995955380254
179200,staghunt,0.4676666666666667,0.3105502780679556,0.14804945786901297,0.07184812835099952
180000,staghunt,0.4666666666666667,0.31142010792694913,0.1507757717053152,0.07207390089097293
180800,staghunt,0.4663333333333333,0.3132290220855192,0.15182389083131975,0.07272108624112243
181600,staghunt,0.466,0.31432060947040913,0.15229762933556967,0.07252024402057027
182400,staghunt,0.4663333333333333,0.31430077888455743,0.15182389083131975,0.07249472358119108
183200,staghunt,0.46699999999999997,0.3146482672400731,0.15202704437771006,0.07216336224385671
184000,staghunt,0.4670000000000001,0.3155484232569522,0.1529257868912117,0.07279661402010296
184800,staghunt,0.46833333333333343,0.31407832120277746,0.15136620625179759,0.0710972947638523
185600,staghunt,0.4683333333333334,0.3154320848376777,0.15106412668257932,0.07263843895584822
186400,staghunt,0.4683333333333334,0.31566498006820864,0.15106412668257932,0.07249296287036754
187200,staghunt,0.46833333333333343,0.3159015483842388,0.15115399718233563,0.0728239341097389
188000,staghunt,0.4680000000000001,0.31706779564448007,0.1515451283477167,0.07427694815585863
188800,staghunt,0.4673333333333334,0.31641176683338057,0.15230573540427503,0.0749572373703098
189600,staghunt,0.46699999999999997,0.3164977951263977,0.15201080208530343,0.0748380458543739
190400,staghunt,0.4666666666666667,0.31753969814677474,0.15204775078414848,0.07379834181162037
191200,staghunt,0.4666666666666666,0.31719447012502705,0.15209646062066445,0.07436056565761308
192000,staghunt,0.4666666666666667,0.317585761221203,0.1528898578780663,0.07402456427518106
192800,staghunt,0.4663333333333333,0.3177936343597868,0.15317584504801285,0.07393026716265166
193600,staghunt,0.46566666666666673,0.31786776276549167,0.1529951988272754,0.07455040773694027
194400,staghunt,0.4656666666666666,0.3200168880755522,0.1538240938600057,0.0743755088012475
195200,staghunt,0.46499999999999997,0.3203610649934671,0.15384174969954445,0.07412999173541023
196000,staghunt,0.4640000000000001,0.32059309041832984,0.15382208738637387,0.07424085586787958
196800,staghunt,0.4640000000000001,0.3210303413059819,0.15382208738637387,0.07411377694605681
197600,staghunt,0.4640000000000001,0.3200904071187857,0.15387023553213935,0.07381202174639702
198400,staghunt,0.46366666666666667,0.3199871658387813,0.15431609374956148,0.0733185487049361
199200,staghunt,0.4640000000000001,0.32124719028901655,0.15497351426439548,0.07455306088655447
200000,staghunt,0.4633333333333334,0.32233740138935285,0.15559523303498046,0.07379703788219658
200800,staghunt,0.4633333333333334,0.3229218657307395,0.15634719199411432,0.07381790849665944
201600,staghunt,0.4640000000000001,0.3225782115618345,0.15558571136273058,0.07318609355628454
202400,staghunt,0.4680000000000001,0.3205766637668159,0.1515532746651434,0.07092778243485352
203200,staghunt,0.46900000000000003,0.3183935063932285,0.15046471224054372,0.06999675703526213
204000,staghunt,0.46699999999999997,0.31949448115305384,0.15233531889458876,0.07168561852959451
204800,staghunt,0.466,0.3202332739810818,0.15324312966695589,0.07229496753632698
205600,staghunt,0.46533333333333343,0.3206734792026263,0.1540418413577587,0.07282813583198906
206400,staghunt,0.4643333333333334,0.3222026556467683,0.15487191043560905,0.07295443601968009
207200,staghunt,0.4643333333333334,0.322144586011608,0.15487191043560905,0.07328790940298964
208000,staghunt,0.4640000000000001,0.32247346895646534,0.15558571136273058,0.07344552223683869
208800,staghunt,0.4640000000000001,0.32299518197804766,0.15558571136273058,0.07363645654023825
209600,staghunt,0.4640000000000001,0.32297314917184855,0.15558571136273058,0.07363947415995248
210400,staghunt,0.457,0.3156557085064553,0.14832771524941354,0.0868436784571291
211200,staghunt,0.44499999999999995,0.3151261715630998,0.14113516855294833,0.08849145662473788
212000,staghunt,0.44433333333333336,0.31563361674556756,0.14098463273231823,0.08603823629927407
212800,staghunt,0.44366666666666665,0.3166806593668589,0.14076905173341875,0.08596577274508628
213600,staghunt,0.4416666666666667,0.31750622015082036,0.14203329465348416,0.08589299859513616
214400,staghunt,0.44066666666666665,0.3188211669861869,0.14266251291980173,0.0845315751787502
215200,staghunt,0.43966666666666676,0.3207849343793786,0.14305701185882258,0.08412318297650194
216000,staghunt,0.43933333333333335,0.32019481536335054,0.14261058087595666,0.08456049341230315
216800,staghunt,0.43866666666666665,0.32188882485868975,0.14372642050304213,0.08449250268988914
217600,staghunt,0.4373333333333333,0.3234230941914558,0.14405760164806503,0.08370219135536697
218400,staghunt,0.4373333333333333,0.3239870074418379,0.14461357619446757,0.08332338014641764
219200,staghunt,0.4366666666666667,0.32326198649560844,0.1450840539688955,0.08139387803635656
220000,staghunt,0.4373333333333333,0.3236863417894845,0.14455380475496243,0.08072336623194924
220800,staghunt,0.437,0.32409443119025994,0.14468740250776652,0.08060208320950685
221600,staghunt,0.4373333333333333,0.3244833792158535,0.14455380475496243,0.08069716147201911
222400,staghunt,0.4376666666666667,0.3242943145061935,0.14442777681612834,0.08078094068259827
223200,staghunt,0.4373333333333333,0.3259000822478001,0.1447927424686919,0.08193710797961322
224000,staghunt,0.4376666666666667,0.32612378259569036,0.14467545629553405,0.08220830649396343
224800,staghunt,0.437,0.3269134155350936,0.14416597088249997,0.08125431844079217
225600,staghunt,0.43600000000000005,0.32700580241603183,0.14453672266082027,0.0812763540943065
226400,staghunt,0.43600000000000005,0.32810009435444043,0.14453672266082027,0.08161649823379838
227200,staghunt,0.43666666666666665,0.3281406439985122,0.14415355324646092,0.0804955288444171
228000,staghunt,0.43600000000000005,0.3291858277505377,0.14433157983709458,0.07986524002529823
228800,staghunt,0.43600000000000005,0.3293721503346672,0.14509086127213994,0.07994115839925156
229600,staghunt,0.43566666666666665,0.3300630101897791,0.14522906555328888,0.07977679266813588
230400,staghunt,0.43600000000000005,0.3293263179950374,0.14487798186622297,0.08020384966676151
231200,staghunt,0.43600000000000005,0.3289149867101123,0.14509086127213994,0.08022308779071512
232000,staghunt,0.43499999999999994,0.33037859076135834,0.14605300914901234,0.08175131566603397
232800,staghunt,0.4343333333333333,0.32984301501234453,0.14589062366743816,0.08147956733312822
233600,staghunt,0.434,0.3311850099218542,0.14603229813560228,0.08260261889205264
234400,staghunt,0.4343333333333333,0.3310868316662683,0.14589062366743816,0.08255766796519763
235200,staghunt,0.4336666666666667,0.3314159211248357,0.14628274667679933,0.08249158751974912
236000,staghunt,0.4333333333333333,0.33075502409899904,0.14588173799856335,0.082326640630566
236800,staghunt,0.4333333333333334,0.33128309099791653,0.1465319246385292,0.08187438982719224
237600,staghunt,0.433,0.3317292324809398,0.14685551814581752,0.0824073242876406
238400,staghunt,0.43233333333333335,0.3308218901313798,0.14591600831122498,0.08258250421427177
239200,staghunt,0.43200000000000005,0.33184120026962943,0.1459003549695713,0.08171700440774014
240000,staghunt,0.44266666666666665,0.32664243201918824,0.14537138475701755,0.0806049902075861
240800,staghunt,0.4493333333333333,0.3265634589799027,0.14942523627074478,0.080644889841406
241600,staghunt,0.4503333333333333,0.32708878594281066,0.15088586153074962,0.07998632086366449
242400,staghunt,0.4503333333333333,0.326252512719514,0.15088586153074962,0.08069246956197573
243200,staghunt,0.45099999999999996,0.32663590002734877,0.15143796350361904,0.08069619887231826
244000,staghunt,0.4503333333333333,0.32779295435690015,0.1514412243890165,0.08025078651946031
244800,staghunt,0.4496666666666667,0.3285320663033928,0.15153087123841005,0.08071611959860067
245600,staghunt,0.4496666666666667,0.3285320663033928,0.15153087123841005,0.08071611959860067
246400,staghunt,0.4496666666666667,0.3273963919341697,0.15149012924695543,0.08129902127357125
247200,staghunt,0.45,0.3278331236205747,0.15178770099332656,0.08124431135730516
248000,staghunt,0.4496666666666666,0.32751284618958143,0.15208387874077747,0.08128715321228959
248800,staghunt,0.4493333333333333,0.32708964039189037,0.15193240862345156,0.08182816747950396
249600,staghunt,0.4496666666666667,0.326266790673262,0.1515390183222594,0.08282533172879385
250400,staghunt,0.449,0.3268437326576128,0.15160906517083766,0.08377953061639176
251200,staghunt,0.449,0.3270616335507462,0.15221046183281234,0.08356841382679363
252000,staghunt,0.4493333333333333,0.3275634397539656,0.15236246580983887,0.08346221076220103
252800,staghunt,0.4493333333333334,0.32642685121392645,0.15194053417678222,0.08402316037344149
253600,staghunt,0.449,0.3279043492748487,0.15247788748811908,0.08341554202899727
254400,staghunt,0.44866666666666666,0.3283765414117682,0.1526005032109885,0.08292192810518083
255200,staghunt,0.44866666666666666,0.3286180364649777,0.1534556677848969,0.08274293283180971
256000,staghunt,0.4496666666666666,0.327826124386566,0.154348091447006,0.08253049613857408
256800,staghunt,0.4493333333333333,0.3272097477211259,0.15397450486411102,0.08111723856556603
257600,staghunt,0.44866666666666666,0.3282157527872872,0.15562855430023195,0.08064842020184945
258400,staghunt,0.44866666666666666,0.327370816781683,0.15562855430023195,0.07860731890152446
259200,staghunt,0.44733333333333325,0.3276353936736496,0.15623502397365766,0.07848903014951748
260000,staghunt,0.44766666666666666,0.3281690948168349,0.15654486991369693,0.07807559670973385
260800,staghunt,0.44766666666666666,0.32816662924705,0.15587308861085167,0.07827405040007834
261600,staghunt,0.44699999999999995,0.32985148874313736,0.15593960527661713,0.07980582542922836
262400,staghunt,0.44733333333333325,0.3296780329944157,0.15564124623911296,0.0798073207010301
263200,staghunt,0.44699999999999995,0.33115738541837236,0.1561453106074318,0.08093777261669916
264000,staghunt,0.44733333333333325,0.33148853786745675,0.1558552668264081,0.08030489413533153
264800,staghunt,0.44733333333333325,0.33172878948376133,0.1558552668264081,0.08024610907337038
265600,staghunt,0.44699999999999995,0.33141310511143496,0.15511405600515502,0.08143234804210907
266400,staghunt,0.44699999999999995,0.3311564194868726,0.15511405600515502,0.08141737109105367
267200,staghunt,0.44733333333333325,0.33133198937702324,0.15553809425806944,0.08302798920886906
268000,staghunt,0.44733333333333325,0.33133198937702324,0.15553809425806944,0.08302798920886906
268800,staghunt,0.44666666666666666,0.3315571651089312,0.15536496260398697,0.08303755728684956
269600,staghunt,0.44699999999999995,0.33221203424102796,0.15567019585181746,0.08365416463702181
270400,staghunt,0.44766666666666666,0.33309342483210086,0.15626860383074354,0.08461961067003822
271200,staghunt,0.44766666666666666,0.33361904618864735,0.15626860383074354,0.08533358498562073
272000,staghunt,0.44833333333333336,0.33355346606377656,0.1569087963447887,0.08534591090409042
272800,staghunt,0.44799999999999995,0.33356501617836587,0.15726206797791817,0.0853659401897844
273600,staghunt,0.44833333333333336,0.3343230795713382,0.1567592319135414,0.08541698668005027
274400,staghunt,0.44866666666666666,0.3342174817705997,0.1564829498068301,0.08495509017681817
275200,staghunt,0.44866666666666666,0.3349134695667928,0.15626188843661712,0.08507964691662247
276000,staghunt,0.449,0.33481715312949273,0.15671039578837184,0.08533441802912818
276800,staghunt,0.4486666666666667,0.3356702327386246,0.15707354572120696,0.08557448282860293
277600,staghunt,0.44799999999999995,0.33555492596356756,0.15741899739466245,0.08552148305801811
278400,staghunt,0.44833333333333325,0.3352149881900451,0.15729385882701002,0.08603007298969928
279200,staghunt,0.44866666666666666,0.33473248464750316,0.15717569001236867,0.0865762033220593
280000,staghunt,0.44899999999999995,0.3349474506470716,0.1576920737496238,0.08641492153275873
280800,staghunt,0.4496666666666667,0.33445910181480637,0.15721692177951824,0.08696185500884274
281600,staghunt,0.4493333333333333,0.33493660082990473,0.15732956680990573,0.08639604061188974
282400,staghunt,0.4493333333333333,0.33493660082990473,0.15732956680990573,0.08639604061188974
283200,staghunt,0.449,0.33560142309690716,0.157449188354784,0.08710255445030177
284000,staghunt,0.4493333333333333,0.3355531410654711,0.1580185955614398,0.08734007740912858
284800,staghunt,0.4493333333333333,0.3365761181908331,0.15865795183038367,0.08629227999147127
285600,staghunt,0.4493333333333333,0.33675403123306685,0.15865795183038367,0.0861020741939278
286400,staghunt,0.4493333333333333,0.3372135156467943,0.15865795183038367,0.08550481729199047
287200,staghunt,0.4496666666666666,0.3368968393511964,0.15837484835854648,0.08552727460860503
288000,staghunt,0.449,0.3383215353912392,0.1586365517639474,0.08394949412354333
288800,staghunt,0.449,0.3383215353912392,0.1586365517639474,0.08394949412354333
289600,staghunt,0.449,0.33765521544228394,0.1586365517639474,0.08449920747677887
290400,staghunt,0.4493333333333334,0.3385086375150703,0.15850224907856345,0.08377151422053444
291200,staghunt,0.449,0.33805830426584016,0.15834834236853948,0.08442699508205867
292000,staghunt,0.449,0.3383124103412757,0.15834834236853948,0.08467832110955914
292800,staghunt,0.44866666666666666,0.3389507429827958,0.15930559188220064,0.08426251668606356
293600,staghunt,0.4493333333333334,0.3390569525960608,0.1596199189278034,0.08344694796976053
294400,staghunt,0.449,0.3399305123049453,0.1599849529961652,0.08469230270640873
295200,staghunt,0.449,0.3392106280555961,0.1598846034480903,0.08504060059711077
296000,staghunt,0.449,0.3392106280555961,0.1598846034480903,0.08504060059711077
296800,staghunt,0.449,0.3391863073706133,0.1605549788532511,0.08516930849370608
297600,staghunt,0.449,0.33852038620016894,0.1605549788532511,0.08402795158741
298400,staghunt,0.449,0.3392349530544238,0.1605549788532511,0.08494469682801627
299200,staghunt,0.449,0.3390617962650417,0.1605549788532511,0.08483192386717833
300000,staghunt,0.449,0.3390617962650417,0.1605549788532511,0.08483192386717833
300800,staghunt,0.4493333333333334,0.3381074374775492,0.16085266627231762,0.08568227871143912
301600,staghunt,0.4493333333333334,0.3390781308216229,0.16164127330161657,0.08501087261073041
302400,staghunt,0.4493333333333334,0.33881329940879945,0.16164127330161657,0.08505784671616944
303200,staghunt,0.4490000000000001,0.3390953950412686,0.16178060131846145,0.08498915960430996
304000,staghunt,0.4486666666666667,0.3394924376652761,0.16227700749180035,0.08638264861397467
304800,staghunt,0.44833333333333336,0.33984756773929153,0.16242187105661254,0.08508320298352243
305600,staghunt,0.44833333333333336,0.33967550599117063,0.16276355645119694,0.08446245833121098
306400,staghunt,0.44833333333333336,0.3402556957264533,0.1635278509144279,0.08413529515086311
307200,staghunt,0.44833333333333336,0.3401839707755999,0.1635278509144279,0.08439091009224078
308000,staghunt,0.44866666666666666,0.3402059013807158,0.1630284380252055,0.08441803605107949
308800,staghunt,0.44833333333333336,0.34138578201335446,0.1635278509144279,0.08609008161732244
309600,staghunt,0.44799999999999995,0.3413629845119647,0.1638894538596665,0.08590654129828729
310400,staghunt,0.44833333333333336,0.34177323640031865,0.1635278509144279,0.08725747066100258
311200,staghunt,0.44833333333333336,0.34193449666250747,0.1635278509144279,0.08711180408916497
312000,staghunt,0.44833333333333336,0.34209815622684886,0.1635278509144279,0.08696677808435828
312800,staghunt,0.44833333333333336,0.3417975888155437,0.1626725105204083,0.08661003610247145
313600,staghunt,0.44799999999999995,0.3414064757789491,0.16294511686795377,0.08666582427089134
314400,staghunt,0.44833333333333336,0.34258484080019513,0.1628697123773372,0.08659044195430404
315200,staghunt,0.44733333333333336,0.34229941573015316,0.1636527488990705,0.08757067718080093
316000,staghunt,0.44766666666666666,0.3422409786149661,0.16384311978607635,0.08765959997314575
316800,staghunt,0.46466666666666656,0.32898204047114676,0.14686182302330447,0.08161981780029764
317600,staghunt,0.4659999999999999,0.32876955251834444,0.1463025783930155,0.08170709428092035
318400,staghunt,0.4656666666666666,0.328945114326386,0.14675123824324593,0.08161890416744644
319200,staghunt,0.466,0.32843221730244554,0.14639537198378783,0.08158106702143987
320000,staghunt,0.466,0.32843221730244554,0.14639537198378783,0.08158106702143987
320800,staghunt,0.466,0.32843221730244554,0.14639537198378783,0.08158106702143987
321600,staghunt,0.466,0.328787009124945,0.14639537198378783,0.08160380546513867
322400,staghunt,0.4656666666666666,0.329479560247896,0.14611047739617536,0.08301022202165395
323200,staghunt,0.4656666666666666,0.33019328885075366,0.14675123824324593,0.08274390815088706
324000,staghunt,0.4656666666666666,0.33079286365874705,0.14675123824324593,0.08231745237676509
324800,staghunt,0.4669999999999999,0.3321893454219513,0.1479276599983674,0.08174504401965121
325600,staghunt,0.4669999999999999,0.3320089296649503,0.1479276599983674,0.08260865491290378
326400,staghunt,0.4666666666666666,0.33315293351365044,0.14856515384931826,0.08143277941626315
327200,staghunt,0.4666666666666666,0.33315293351365044,0.14856515384931826,0.08143277941626315
328000,staghunt,0.46699999999999997,0.3328151749271454,0.14832771524941354,0.08177514792561763
328800,staghunt,0.46733333333333327,0.3330514614633886,0.14885405894431478,0.08161095160326644
329600,staghunt,0.4676666666666667,0.3328893519003845,0.14931158902537994,0.08221377898630594
330400,staghunt,0.46733333333333327,0.3333788500123949,0.14954911658583928,0.08188305135157085
331200,staghunt,0.46699999999999997,0.3336830118047095,0.14990079023667705,0.08192538688698525
332000,staghunt,0.46733333333333327,0.3336140324749632,0.14966464570111243,0.08163214470083394
332800,staghunt,0.46733333333333327,0.3336140324749632,0.14966464570111243,0.08163214470083394
333600,staghunt,0.46699999999999997,0.3344289728703784,0.1494966864490958,0.08138257747394712
334400,staghunt,0.4676666666666667,0.3351600351562335,0.15019370209215882,0.08203976025233832
335200,staghunt,0.4676666666666667,0.33478983696092357,0.15019370209215882,0.08201575201879557
336000,staghunt,0.46733333333333327,0.33478983696092357,0.1505528905053177,0.08201575201879557
336800,staghunt,0.46733333333333327,0.33478983696092357,0.1505528905053177,0.08201575201879557
337600,staghunt,0.46733333333333327,0.33478983696092357,0.1505528905053177,0.08201575201879557
338400,staghunt,0.4676666666666667,0.3347167937503188,0.1506942780337023,0.08161449263194616
339200,staghunt,0.46733333333333327,0.33538841381131534,0.1508232552393286,0.0811957176381564
340000,staghunt,0.4673333333333334,0.3356622991251893,0.150585687841561,0.08103252627824235
340800,staghunt,0.4673333333333334,0.33501095674932835,0.150585687841561,0.07975790781215329
341600,staghunt,0.4666666666666667,0.335011436088661,0.15031653843937154,0.07927103331791913
342400,staghunt,0.4666666666666667,0.33551002511098654,0.15031653843937154,0.07922919690389062
343200,staghunt,0.44866666666666666,0.327717770194472,0.1422326385074471,0.08797174524439623
344000,staghunt,0.44699999999999995,0.32784445948033164,0.14235627363054748,0.0874237371999363
344800,staghunt,0.4463333333333333,0.32928964528264226,0.1425469383383229,0.0888432153425461
345600,staghunt,0.44699999999999995,0.32918450770811275,0.14200895468200778,0.08891139324389968
346400,staghunt,0.4463333333333333,0.329918386651629,0.14223480847085476,0.08785221252267476
347200,staghunt,0.4463333333333333,0.32991645959967164,0.14260755092296803,0.08771885234615877
348000,staghunt,0.4456666666666667,0.33073791593248897,0.14319157503321844,0.08953224947533982
348800,staghunt,0.4456666666666667,0.3319505353672174,0.14319157503321844,0.09002738723713628
349600,staghunt,0.4463333333333333,0.3329765640009263,0.14339318302580356,0.09000626810533152
350400,staghunt,0.44699999999999995,0.3339465544302352,0.1430224880875921,0.08720580100594791
351200,staghunt,0.44699999999999995,0.3350690603445622,0.1430224880875921,0.0859787473114454
352000,staghunt,0.44699999999999995,0.33601516311653007,0.1430224880875921,0.08500580418808341
352800,staghunt,0.44733333333333336,0.33618648161349507,0.14343063019805896,0.08502006606913097
353600,staghunt,0.44800000000000006,0.33589346666362646,0.14307211338912146,0.08500574991745491
354400,staghunt,0.44766666666666677,0.33599857083105505,0.1432088175780345,0.08490365000916926
355200,staghunt,0.44766666666666677,0.3357926460490962,0.1432088175780345,0.08451450436673578
356000,staghunt,0.44666666666666666,0.33765437709898327,0.1436645612976266,0.08290287515097812
356800,staghunt,0.44666666666666666,0.3382545262403319,0.14372470255129002,0.0824396604016821
357600,staghunt,0.44633333333333336,0.3390170494430358,0.14388309726653908,0.08361858011203803
358400,staghunt,0.446,0.3384262667496571,0.14363705976617455,0.08442290384518629
359200,staghunt,0.4456666666666667,0.33820913887101306,0.1430449294866891,0.08458724141118515
360000,staghunt,0.446,0.3395247360315268,0.14443418767002927,0.08522679535163166
360800,staghunt,0.4453333333333333,0.34018829460533595,0.14482172949296432,0.08500809688719814
361600,staghunt,0.4456666666666666,0.34046063455180875,0.14516954753275288,0.08499604126077322
362400,staghunt,0.4456666666666666,0.34046063455180875,0.14516954753275288,0.08499604126077322
363200,staghunt,0.4456666666666666,0.34046063455180875,0.14516954753275288,0.08499604126077322
364000,staghunt,0.4456666666666666,0.3405863638304173,0.14516954753275288,0.08491071271619743
364800,staghunt,0.4456666666666666,0.3408178255867641,0.14529705629468628,0.08479922421487553
365600,staghunt,0.4456666666666666,0.3414062079378909,0.14529705629468628,0.08442999755930561
366400,staghunt,0.446,0.34026164764992606,0.14444273503262012,0.08455383733813109
367200,staghunt,0.446,0.3401026878792087,0.14444273503262012,0.08469471819053238
368000,staghunt,0.4459999999999999,0.3397422307499624,0.14363705976617458,0.08486103020455404
368800,staghunt,0.4456666666666667,0.34025166748881885,0.14381958863129207,0.08464121814388141
369600,staghunt,0.4456666666666667,0.34001327970302986,0.14381958863129207,0.08419073952132203
370400,staghunt,0.4453333333333333,0.34056998041506525,0.14464259912446775,0.08420920291021936
371200,staghunt,0.4453333333333333,0.34056998041506525,0.14464259912446775,0.08420920291021936
372000,staghunt,0.4456666666666667,0.3409132987691759,0.14505894927729243,0.08516328992866183
372800,staghunt,0.446,0.34137508153590473,0.14487798186622294,0.08431067306729888
373600,staghunt,0.4456666666666667,0.34289330178860833,0.14505894927729243,0.08646781965278359
374400,staghunt,0.44633333333333336,0.3434684779129003,0.14598706183159596,0.08607198008150936
375200,staghunt,0.44666666666666666,0.34405858345928625,0.1465066467122369,0.0858635291928046
376000,staghunt,0.4463333333333333,0.3434546348549962,0.14680506937793983,0.08609112107758085
376800,staghunt,0.4456666666666666,0.34371281865500614,0.14738921346867137,0.08681197890660426
377600,staghunt,0.4456666666666666,0.344023209075441,0.14738921346867137,0.08693014500551348
378400,staghunt,0.4456666666666666,0.34436642199008727,0.14743946236245029,0.08682198848866919
379200,staghunt,0.4453333333333333,0.3444895190015427,0.14760808971105938,0.08678385002907406
380000,staghunt,0.4453333333333333,0.3455156759398371,0.14760808971105938,0.08653343594127859
380800,staghunt,0.445,0.34604299872491534,0.14778404330911413,0.08604952174236513
381600,staghunt,0.445,0.34506207390962335,0.14778404330911413,0.08694499348219555
382400,staghunt,0.4446666666666667,0.3454666229853568,0.14800900873482895,0.08605120208397195
383200,staghunt,0.4446666666666667,0.3454666229853568,0.14800900873482895,0.08605120208397195
384000,staghunt,0.4443333333333334,0.34545285357756816,0.148457501089132,0.08605367045715843
384800,staghunt,0.44433333333333336,0.32229422857757273,0.14858218825507538,0.11810955177804126
385600,staghunt,0.44433333333333336,0.32282860712895617,0.14858218825507538,0.11758241355675049
386400,staghunt,0.44433333333333336,0.32315087545232346,0.14858218825507538,0.1168547606502009
387200,staghunt,0.44433333333333336,0.3235323242810154,0.14885613238341291,0.11687978362799688
388000,staghunt,0.44433333333333336,0.3248473026581414,0.14906333064576907,0.1146450127024835
388800,staghunt,0.44433333333333336,0.3248473026581414,0.14906333064576907,0.1146450127024835
389600,staghunt,0.44399999999999995,0.32462183750655615,0.14872129871460246,0.11480925620780667
390400,staghunt,0.44433333333333325,0.3253836960121774,0.14930332039670613,0.11379482271429307
391200,staghunt,0.44366666666666665,0.3258751974083374,0.14914116272764233,0.11171062695200216
392000,staghunt,0.44333333333333336,0.3269212655725514,0.1493194437985097,0.11081717253671439
392800,staghunt,0.44333333333333336,0.32730247377832866,0.1493194437985097,0.11004988509100667
393600,staghunt,0.44366666666666665,0.32762492484781147,0.14973598163945387,0.11003061851197633
394400,staghunt,0.44433333333333325,0.3272423151308582,0.14904676538457634,0.11002890932364459
395200,staghunt,0.44366666666666665,0.3283417843287407,0.14952971544970298,0.10801415234893585
396000,staghunt,0.44366666666666665,0.3289356843834647,0.14952971544970298,0.10686905278056248
396800,staghunt,0.44366666666666665,0.32946642789421954,0.14952971544970298,0.1058634382379974
397600,staghunt,0.44433333333333336,0.3302279682465888,0.14868186270119263,0.10130855403357261
398400,staghunt,0.44366666666666665,0.33104361555856754,0.14918254622698138,0.1014290780131325
399200,staghunt,0.44333333333333336,0.331148287372966,0.14893034248795728,0.10127594921420213
400000,staghunt,0.44333333333333325,0.3311398330280005,0.1493690433493872,0.10056100953971722
400800,staghunt,0.44299999999999995,0.3315051964164221,0.1496947511388376,0.10065051392867062
401600,staghunt,0.44299999999999995,0.3317402022708855,0.1505008100548316,0.10081553870586446
402400,staghunt,0.4426666666666666,0.332436496821884,0.1506840370190077,0.09983133948726697
403200,staghunt,0.44299999999999995,0.332001238839715,0.14985136668968166,0.09984112402692043
404000,staghunt,0.44233333333333336,0.3314360708849371,0.14960895530072002,0.10046372071633614
404800,staghunt,0.4413333333333333,0.33203871607739854,0.14966794522261773,0.10079410400651236
405600,staghunt,0.4416666666666667,0.3314189201650449,0.14934631226667205,0.10060855116038636
406400,staghunt,0.4413333333333333,0.33076185405587044,0.14903972459103929,0.1008255758268128
407200,staghunt,0.4413333333333333,0.3305076153488004,0.14903972459103929,0.10075871291068876
408000,staghunt,0.441,0.3309573670920973,0.14873997528207938,0.10099696112890702
408800,staghunt,0.441,0.3311652369840026,0.14893075696567978,0.10100845997522481
409600,staghunt,0.4416666666666667,0.33155231534405666,0.14899042971999293,0.10039444154651335
410400,staghunt,0.4416666666666667,0.3309319105726638,0.14899042971999293,0.10022208474672377
411200,staghunt,0.4416666666666667,0.3303590141638003,0.14899042971999293,0.10120042765429187
412000,staghunt,0.4416666666666666,0.33076167762643116,0.14943721585161268,0.10130328797492108
412800,staghunt,0.442,0.331354556020801,0.1492466679736421,0.10145922439824952
413600,staghunt,0.442,0.33166953148735023,0.1492466679736421,0.1023033758059717
414400,staghunt,0.442,0.3318651781800729,0.1490480078430279,0.10274840286396313
415200,staghunt,0.442,0.33274057502804794,0.1490480078430279,0.10183998604066248
416000,staghunt,0.442,0.33285675607404863,0.1490480078430279,0.1018758541558619
416800,staghunt,0.442,0.3333140074888911,0.1490480078430279,0.10085194513536848
417600,staghunt,0.4416666666666666,0.33402950960758404,0.14924708157288938,0.09991943763654894
418400,staghunt,0.4423333333333333,0.3341847504591454,0.14866525493433683,0.09819924742915435
419200,staghunt,0.4423333333333333,0.3342238907511652,0.14866525493433683,0.09817159807573479
420000,staghunt,0.442,0.3337520622405873,0.14837556618923248,0.09839574638188264
420800,staghunt,0.44233333333333336,0.3347714342687923,0.14821614180431908,0.09721023307079421
421600,staghunt,0.442,0.33453125547640583,0.1484088446999881,0.09717029274034404
422400,staghunt,0.4416666666666667,0.33299359498091197,0.14835101850461974,0.09941239939993435
423200,staghunt,0.4413333333333333,0.33274959159440753,0.14853357271075865,0.09936563022795218
424000,staghunt,0.4416666666666667,0.3332097976162846,0.14835101850461974,0.09841823431689274
424800,staghunt,0.4416666666666667,0.33380019606363454,0.14835101850461974,0.09752685721765857
425600,staghunt,0.4413333333333333,0.3335926770465592,0.14853357271075865,0.09814281282073144
426400,staghunt,0.441,0.3334082797049748,0.14799941608159753,0.0975410061140846
427200,staghunt,0.441,0.33557083027416373,0.14882295389132108,0.09627572617736499
428000,staghunt,0.44099999999999995,0.3361993900725302,0.14946034611805367,0.09646442022697788
428800,staghunt,0.44099999999999995,0.33597677183745867,0.14946034611805367,0.09608875676542437
429600,staghunt,0.44099999999999995,0.33597677183745867,0.14946034611805367,0.09608875676542437
430400,staghunt,0.44066666666666665,0.33606682953993416,0.1492019925064717,0.09698338078399049
431200,staghunt,0.44066666666666665,0.3369241764530073,0.14906126008879456,0.09728688330906611
432000,staghunt,0.44066666666666665,0.33751291085273427,0.14864656897868783,0.09706748433145655
432800,staghunt,0.441,0.3374105358631901,0.14863203383349594,0.09683663447090742
433600,staghunt,0.441,0.336696295435533,0.14863203383349594,0.09718873880385544
434400,staghunt,0.4413333333333333,0.33689745493230705,0.1484421157501976,0.09666316950240668
435200,staghunt,0.4413333333333333,0.33819363592391644,0.14892371068751367,0.09558715028852992
436000,staghunt,0.4413333333333333,0.33819363592391644,0.14892371068751367,0.09558715028852992
436800,staghunt,0.4413333333333333,0.33855775056972043,0.14892371068751367,0.09469738754706375
437600,staghunt,0.4413333333333333,0.3381879347997502,0.14892371068751367,0.09401463590232854
438400,staghunt,0.4413333333333333,0.3381879347997502,0.14892371068751367,0.09401463590232854
439200,staghunt,0.441,0.3383341105140937,0.1491212945686402,0.09406264610158006
440000,staghunt,0.4406666666666667,0.3388167594333088,0.1493260580238368,0.09345514001847083
440800,staghunt,0.4406666666666667,0.3394012575526298,0.1493260580238368,0.09089074156321482
441600,staghunt,0.44033333333333335,0.33936570706687647,0.14957099144380065,0.09016231780218238
442400,staghunt,0.44033333333333335,0.33951955767371234,0.14957099144380065,0.09006772652602835
443200,staghunt,0.44033333333333335,0.33951955767371234,0.14957099144380065,0.09006772652602835
444000,staghunt,0.4406666666666667,0.3395004602646502,0.1493260580238368,0.0900889599967103
444800,staghunt,0.44066666666666665,0.3394616098458376,0.14936739029637833,0.09005130482613043
445600,staghunt,0.43966666666666676,0.3397355251640996,0.1501476639433805,0.09023930643720394
446400,staghunt,0.43933333333333335,0.3397647750947218,0.1498954368061571,0.0904663008297516
447200,staghunt,0.43966666666666676,0.3403643261370172,0.1501476639433805,0.08980409587729034
448000,staghunt,0.44000000000000006,0.34023042093514605,0.14994649251410969,0.08976799948019554
448800,staghunt,0.44033333333333335,0.33991699387565405,0.14957099144380065,0.08944747027314012
449600,staghunt,0.44000000000000006,0.3409156010480739,0.1495837846893015,0.09023173759601998
450400,staghunt,0.43966666666666665,0.34111975954061535,0.14984312784696857,0.09028716624132066
451200,staghunt,0.43933333333333335,0.3416145951146573,0.1501094251077288,0.0897773850578268
452000,staghunt,0.43899999999999995,0.3416340850010095,0.15038263952865352,0.0897578056518788
452800,staghunt,0.43933333333333335,0.3424029430809735,0.15020808611989725,0.08898207499227657
453600,staghunt,0.43899999999999995,0.34224453271245486,0.15057133988598803,0.08868549193566651
454400,staghunt,0.43866666666666665,0.3426585170292851,0.15027711028810478,0.08970566365586512
455200,staghunt,0.43899999999999995,0.34250658143312096,0.15057133988598803,0.08955088558111216
456000,staghunt,0.43900000000000006,0.3427154883300783,0.15050573181325014,0.0896460968212203
456800,staghunt,0.43933333333333335,0.34315786655731845,0.15018342694317194,0.08982250409870107
457600,staghunt,0.43933333333333335,0.34315786655731845,0.15018342694317194,0.08982250409870107
458400,staghunt,0.43933333333333335,0.34315155464741176,0.1503395334189979,0.08985973812848846
459200,staghunt,0.43933333333333335,0.3439951175069673,0.1503395334189979,0.0893321726540586
460000,staghunt,0.43966666666666676,0.34448685177455535,0.15064019760941127,0.08913875379645002
460800,staghunt,0.43966666666666665,0.3445328311119131,0.15121279258705367,0.08910470024975188
461600,staghunt,0.43966666666666665,0.3440890838209937,0.15143307204386358,0.08895427714315367
462400,staghunt,0.43966666666666665,0.31712882958806865,0.15143307204386358,0.08498271358389546
463200,staghunt,0.43966666666666665,0.3149553267214743,0.15143307204386358,0.08884527571339215
464000,staghunt,0.43966666666666665,0.3145865553615378,0.15116379800455032,0.08939317349238517
464800,staghunt,0.43966666666666665,0.31359834100182327,0.15116379800455032,0.08981335097927574
465600,staghunt,0.43933333333333335,0.3141679948100899,0.15137069207661397,0.09020821127342066
466400,staghunt,0.43933333333333335,0.3138937629952492,0.15137069207661397,0.09037769493880014
467200,staghunt,0.43966666666666665,0.31427446331437825,0.15116379800455032,0.09065397913390676
468000,staghunt,0.43999999999999995,0.31415190685990935,0.15089854330102187,0.09113762366808302
468800,staghunt,0.43999999999999995,0.31384783472744127,0.15089854330102187,0.09166359699754453
469600,staghunt,0.44066666666666665,0.31409269502481874,0.15114215367422798,0.09217671387675129
470400,staghunt,0.441,0.3142360474983204,0.15139719651007777,0.09192392964408336
471200,staghunt,0.4416666666666667,0.31403641533397125,0.15076963050124345,0.09190904103259505
472000,staghunt,0.4413333333333333,0.3141694594521249,0.1510964045131125,0.09238804515076894
472800,staghunt,0.4416666666666667,0.3142970779764075,0.150671337194079,0.0921648311965443
473600,staghunt,0.4416666666666667,0.31412187398899855,0.150671337194079,0.09251120306072527
474400,staghunt,0.4416666666666667,0.31427823171920377,0.15090876975882964,0.09320500024441972
475200,staghunt,0.4413333333333333,0.31476292342460377,0.15059716522179128,0.09297067262840063
476000,staghunt,0.4416666666666667,0.315213503371849,0.15041711552205522,0.09257918097609862
476800,staghunt,0.4416666666666667,0.31507870846049724,0.15041711552205522,0.09287030800369264
477600,staghunt,0.441,0.315279475771436,0.15078436897081185,0.09261638863789465
478400,staghunt,0.441,0.3156917984933376,0.1508662231380855,0.09290545867366476
479200,staghunt,0.44033333333333335,0.3158787469478392,0.15098401517878035,0.09385635822399536
480000,staghunt,0.4406666666666667,0.31573850907125445,0.15080688329576575,0.09374905682901129
480800,staghunt,0.44000000000000006,0.3160224848642697,0.15116828983570546,0.093968382410491
481600,staghunt,0.44000000000000006,0.3160224848642697,0.15116828983570546,0.093968382410491
482400,staghunt,0.44033333333333335,0.3166527313029427,0.15175068897681576,0.09518753518942057
483200,staghunt,0.44033333333333335,0.3166468136981936,0.15175068897681576,0.09519814867009736
484000,staghunt,0.44066666666666665,0.31668213642885773,0.15200552296658723,0.0954480935129299
484800,staghunt,0.44066666666666665,0.3169388976338977,0.15200552296658723,0.09567214202496167
485600,staghunt,0.4413333333333333,0.3185158992065428,0.1513168534019155,0.09696732765059922
486400,staghunt,0.441,0.3178593122408937,0.1510134488328608,0.09713015121354791
487200,staghunt,0.4416666666666666,0.3185428400480792,0.15130910231854675,0.09695982215074847
488000,staghunt,0.442,0.3185232469650765,0.15104737217831798,0.09696878075786139
488800,staghunt,0.4413333333333333,0.31864585058814104,0.1515043901902304,0.09714334333301476
489600,staghunt,0.4413333333333333,0.3185275863071559,0.1515043901902304,0.09735633412718969
490400,staghunt,0.4416666666666666,0.3184228462325067,0.15108864212037176,0.09754577711915965
491200,staghunt,0.442,0.318664094884162,0.15089199800429576,0.09770637199539021
492000,staghunt,0.4416666666666666,0.3196693080387586,0.15108864212037176,0.09748097381027995
492800,staghunt,0.4416666666666666,0.31990783380612126,0.15108864212037176,0.09705855320073299
493600,staghunt,0.4416666666666666,0.31997175581741444,0.15108864212037176,0.09694603398695238
494400,staghunt,0.4416666666666666,0.32005700814988847,0.15108864212037176,0.09674693899814543
495200,staghunt,0.44099999999999995,0.3200216815853819,0.15170675090978958,0.09718705878232732
496000,staghunt,0.4413333333333333,0.320683574543064,0.15196815780831957,0.09634336434794949
496800,staghunt,0.442,0.32026917761014284,0.1514391863438715,0.0959982596445518
497600,staghunt,0.4416666666666666,0.32054292502554094,0.15176533217234667,0.09621267900884879
498400,staghunt,0.4413333333333333,0.320683574543064,0.15196815780831957,0.09634336434794949
499200,staghunt,0.4413333333333333,0.32148579231484653,0.15196815780831957,0.09714703273376132
500000,staghunt,0.4413333333333333,0.32148579231484653,0.15196815780831957,0.09714703273376132
500800,staghunt,0.4416666666666666,0.321392002343118,0.15164326233745332,0.09707447271657609
501600,staghunt,0.4416666666666666,0.3215354489375165,0.15164326233745332,0.0968215559134605
502400,staghunt,0.442,0.3221928128127009,0.1507200823045043,0.0987248368364281
503200,staghunt,0.4423333333333333,0.3230503316970531,0.15097256720802862,0.09798578353319805
504000,staghunt,0.4416666666666667,0.32328956598597197,0.15149664870188131,0.09820219812017965
504800,staghunt,0.442,0.323578439605517,0.15129237494351586,0.09802222970430446
505600,staghunt,0.4416666666666666,0.3233012083393596,0.15156997324708962,0.0976497075759766
506400,staghunt,0.4416666666666666,0.32338976306991907,0.15126013893167503,0.09720918744346466
507200,staghunt,0.4416666666666667,0.32332449148062425,0.1517246531397267,0.09710360165615267
508000,staghunt,0.4416666666666667,0.3243104010811607,0.15191168649523698,0.09793255540715565
508800,staghunt,0.4413333333333334,0.32372960766114245,0.1513331701744919,0.09819827754509244
509600,staghunt,0.4406666666666667,0.3245895567167647,0.1518592590785996,0.09818479341840979
510400,staghunt,0.44033333333333335,0.32461385013463684,0.15214069187254536,0.0981741438093983
511200,staghunt,0.44033333333333335,0.32461385013463684,0.15214069187254536,0.0981741438093983
512000,staghunt,0.44033333333333335,0.3254637538823574,0.15214069187254536,0.09751240632334579
512800,staghunt,0.442,0.32530036938142587,0.1511290838985005,0.09605049867121333
513600,staghunt,0.4416666666666666,0.3257633753445042,0.15141513533949155,0.09399033027112513
514400,staghunt,0.4423333333333333,0.32628314935414526,0.15082530160731744,0.0952458775754501
515200,staghunt,0.4416666666666667,0.32664475595573017,0.15143959395509468,0.09484112104926037
516000,staghunt,0.44266666666666665,0.32667920172643805,0.15129727095202633,0.09457730893552795
516800,staghunt,0.44266666666666665,0.32703933145051955,0.15198115542704063,0.09428754115767543
517600,staghunt,0.44299999999999995,0.326191423181655,0.15161232237617198,0.0937057264536089
518400,staghunt,0.44299999999999995,0.32518532637660214,0.15095130438752855,0.09313303510828497
519200,staghunt,0.442,0.32594233963330765,0.15176492543599326,0.09370751238686773
520000,staghunt,0.4416666666666666,0.3264645288060177,0.1520010558767745,0.09418404118330567
520800,staghunt,0.442,0.32715077544132903,0.15172424629432255,0.09494450034880704
521600,staghunt,0.47700000000000004,0.3336999139272724,0.13472835037608727,0.07938200252490103
522400,staghunt,0.4793333333333333,0.3354905046342548,0.1340517681465257,0.07890259949041756
523200,staghunt,0.4793333333333333,0.3368126974580273,0.13517980709748623,0.0811443071051714
524000,staghunt,0.4793333333333333,0.3368126974580273,0.13517980709748623,0.0811443071051714
524800,staghunt,0.4783333333333332,0.33695768429835876,0.13644743029668205,0.08120497997423899
525600,staghunt,0.4789999999999999,0.3368870561027089,0.1369964404331661,0.08145126613472486
526400,staghunt,0.4796666666666666,0.33685976521351046,0.13671137480107498,0.08141381667588564
527200,staghunt,0.479,0.33728875949715703,0.136608388658427,0.08320629034681724
528000,staghunt,0.47999999999999987,0.33934317405324904,0.13692387720243737,0.08243777907869508
528800,staghunt,0.4796666666666667,0.33961157032763856,0.13736002976767941,0.08269747875758796
529600,staghunt,0.47999999999999987,0.33985392689862226,0.13732002812210894,0.0825146646464955
530400,staghunt,0.4803333333333333,0.33976226090287176,0.13688284618697447,0.08242048403981382
531200,staghunt,0.47999999999999987,0.3407651609340718,0.13732002812210894,0.08234260657117841
532000,staghunt,0.4806666666666666,0.3408126808898083,0.1376863495928247,0.08205474712967506
532800,staghunt,0.4643333333333334,0.3364035547473557,0.12052406142640584,0.08585344347510436
533600,staghunt,0.45966666666666656,0.3383665250959681,0.11936508991894584,0.08402132566623494
534400,staghunt,0.45933333333333326,0.3394217875212475,0.12027540413362231,0.08437465136156566
535200,staghunt,0.458,0.3398992542757036,0.12115901193406747,0.08431220125530803
536000,staghunt,0.4576666666666666,0.34119566945891766,0.12132041038221326,0.08334024713893486
536800,staghunt,0.457,0.34144896681901726,0.12181193762578506,0.08331721811088841
537600,staghunt,0.457,0.34144896681901726,0.12181193762578506,0.08331721811088841
538400,staghunt,0.457,0.34231276497335866,0.12259992145487184,0.08285453199906259
539200,staghunt,0.4573333333333333,0.3422855199315628,0.12218989471462184,0.08286863946038053
540000,staghunt,0.4573333333333333,0.3428590313430837,0.12313597823464299,0.08300951865886007
540800,staghunt,0.4573333333333333,0.3428590313430837,0.12313597823464299,0.08300951865886007
541600,staghunt,0.4573333333333333,0.34359401820207525,0.12364624968727679,0.08337589358380347
542400,staghunt,0.4573333333333333,0.34383574669353134,0.12395538823143162,0.08330615322943846
543200,staghunt,0.45699999999999996,0.343844246418637,0.12390209197209598,0.0830684312148496
544000,staghunt,0.457,0.34441665268847765,0.12436952109652018,0.0847066977055728
544800,staghunt,0.45666666666666667,0.3452155601782171,0.12442460159261705,0.08426736987798884
545600,staghunt,0.45633333333333337,0.3453973799583637,0.12448858344204664,0.08413725029293266
546400,staghunt,0.45633333333333326,0.3454952998132156,0.1250427087532323,0.08457510308690373
547200,staghunt,0.45633333333333326,0.3459749057163954,0.1250427087532323,0.08463900769651636
548000,staghunt,0.45633333333333326,0.34614152968970946,0.12432980831066981,0.08467839565078697
548800,staghunt,0.45599999999999996,0.34664376273444664,0.12471003404936026,0.08417900880059039
549600,staghunt,0.45666666666666667,0.3465835882603225,0.12387767761927766,0.0842028254430886
550400,staghunt,0.4566666666666667,0.34786811196770295,0.12402707788778514,0.08537272490754047
551200,staghunt,0.4566666666666667,0.3477744544401938,0.12402707788778514,0.08543408192363415
552000,staghunt,0.457,0.3487221434559277,0.12403155711549312,0.08473234121711429
552800,staghunt,0.45699999999999996,0.350409002271119,0.12480552773449749,0.08324549629467672
553600,staghunt,0.4573333333333333,0.35064980203141305,0.12486832570925303,0.08306938887473363
554400,staghunt,0.45599999999999996,0.35056109167749,0.12442261713338532,0.08221747160504687
555200,staghunt,0.45699999999999996,0.3512800106576922,0.12458771514652679,0.08165674492742972
556000,staghunt,0.457,0.35076758311516043,0.12439929736612337,0.08200776896809414
556800,staghunt,0.45666666666666667,0.3516696222361168,0.12503826574786844,0.08148378257814028
557600,staghunt,0.45633333333333337,0.35119310580495744,0.12555506391250842,0.08152313413912385
558400,staghunt,0.4736666666666666,0.3474315838589468,0.130322013338092,0.08465870423077244
559200,staghunt,0.4753333333333334,0.34808444871460803,0.13163923764930002,0.08371124503554686
560000,staghunt,0.4756666666666667,0.34945476817249,0.13165658658085988,0.08464992474965706
560800,staghunt,0.4753333333333334,0.349276040702175,0.13141396284120507,0.08384166765026355
561600,staghunt,0.4756666666666667,0.34900637290364955,0.1308665327068615,0.08356197372750242
562400,staghunt,0.4766666666666667,0.34920285582011606,0.12981468272831026,0.08334219977551201
563200,staghunt,0.4766666666666667,0.3483456766891241,0.12981468272831026,0.08369458289872096
564000,staghunt,0.47766666666666674,0.3489974275778207,0.12972002139460695,0.0826147234330763
564800,staghunt,0.47833333333333333,0.35052716333525036,0.13096272205441226,0.0828833720308237
565600,staghunt,0.47833333333333333,0.35062390115385567,0.13096272205441226,0.08289892632890228
566400,staghunt,0.47833333333333333,0.3508220932062591,0.1310663765491684,0.08305111913228241
567200,staghunt,0.47766666666666663,0.3516754595824247,0.13204984094586092,0.08314436565372152
568000,staghunt,0.47766666666666663,0.3522258726492775,0.13204984094586092,0.08411966711866879
568800,staghunt,0.48,0.3521643412295858,0.12755052254878904,0.08425470333095998
569600,staghunt,0.4986666666666667,0.35224572673146204,0.1127019449479987,0.08445582572409008
570400,staghunt,0.5,0.3527828147827479,0.11275451319975437,0.08501393533783594
571200,staghunt,0.4999999999999999,0.353439257875893,0.11282018906972455,0.08532267826449877
572000,staghunt,0.5006666666666666,0.3535270049170365,0.11318945115094362,0.08525191416682211
572800,staghunt,0.5006666666666667,0.3540984680974365,0.11292737751578488,0.08519143333028598
573600,staghunt,0.501,0.3551170546238599,0.11352978616063282,0.08569658743446765
574400,staghunt,0.5013333333333334,0.35512390175652603,0.11361837792570856,0.08571306889145748
575200,staghunt,0.5016666666666667,0.35521066292250336,0.11393359556132189,0.08563277097923101
576000,staghunt,0.5016666666666667,0.355578001354128,0.11393359556132189,0.08603750401443563
576800,staghunt,0.5023333333333333,0.3556232708129975,0.11435325385255406,0.08601923218644213
577600,staghunt,0.5023333333333333,0.3556232708129975,0.11435325385255406,0.08601923218644213
578400,staghunt,0.5026666666666666,0.3557128265320692,0.11427495540186734,0.08590542401079361
579200,staghunt,0.5029999999999999,0.3559312085527299,0.11454095175800501,0.08592026246471345
580000,staghunt,0.5036666666666666,0.3562669630252633,0.11483159972889126,0.0856690029293938
580800,staghunt,0.5039999999999999,0.3562742105094646,0.11493207870759749,0.08568635873384797
581600,staghunt,0.5033333333333333,0.3563431499302509,0.11556623882239812,0.08615518427492588
582400,staghunt,0.5033333333333333,0.3562723296470465,0.11555555555555555,0.08612405471234894
583200,staghunt,0.5033333333333333,0.35665991239240435,0.11555555555555555,0.08608493389021026
584000,staghunt,0.5036666666666666,0.3568975185075007,0.11551762197887526,0.08592221062180921
584800,staghunt,0.5036666666666666,0.3568975185075007,0.11551762197887526,0.08592221062180921
585600,staghunt,0.5033333333333333,0.35665991239240435,0.11555555555555555,0.08608493389021026
586400,staghunt,0.5036666666666667,0.35666755990643395,0.11567781993403645,0.08610313499236677
587200,staghunt,0.5036666666666667,0.3570725988255915,0.11604011652000058,0.08652935952665479
588000,staghunt,0.5036666666666667,0.3570725988255915,0.11604011652000058,0.08652935952665479
588800,staghunt,0.5033333333333334,0.3564180677779176,0.1158756251065217,0.08708365187494219
589600,staghunt,0.5026666666666666,0.35513549603155425,0.11561750476207057,0.08656650334996802
590400,staghunt,0.5036666666666666,0.3556062625574894,0.1152822622956368,0.08710709649891386
591200,staghunt,0.505,0.3561331113320717,0.11681207869221,0.08648897407446898
592000,staghunt,0.5053333333333333,0.3561845821553528,0.117380882621227,0.08647730699268955
592800,staghunt,0.505,0.35622081840984887,0.1180003138727778,0.08647361862902238
593600,staghunt,0.5043333333333333,0.3565034125001264,0.11921606072925943,0.08691155909275433
594400,staghunt,0.5043333333333333,0.3565034125001264,0.11921606072925943,0.08691155909275433
595200,staghunt,0.5043333333333333,0.35622657641164307,0.11924712383621619,0.08718947740501476
596000,staghunt,0.5036666666666666,0.3560886459264917,0.12013829479621896,0.08727584072624273
596800,staghunt,0.5043333333333333,0.35641086821533785,0.12037031339029992,0.08700385723023225
597600,staghunt,0.506,0.35769743650135194,0.12077731779530111,0.08666219414515455
598400,staghunt,0.5066666666666667,0.35747219976429795,0.12142162030109468,0.08639462924716869
599200,staghunt,0.507,0.35752509297143387,0.12135500416973763,0.0863535402331977
600000,staghunt,0.5066666666666666,0.3574222958208415,0.12104483405685619,0.08646011165028239
600800,staghunt,0.5066666666666666,0.35756707514606656,0.12104483405685619,0.08653673905165707
601600,staghunt,0.5073333333333333,0.358713749739573,0.12130768959779738,0.0868416820866887
602400,staghunt,0.508,0.35971310395417466,0.12213330098657182,0.08790923847580605
603200,staghunt,0.5083333333333333,0.35969340511404113,0.12188083635914605,0.08777329140904643
604000,staghunt,0.5083333333333332,0.36024667864036397,0.12279914344013003,0.0882056549604224
604800,staghunt,0.5083333333333332,0.36024667864036397,0.12279914344013003,0.0882056549604224
605600,staghunt,0.5086666666666666,0.3595861577807614,0.1221737277530911,0.08822931419695464
606400,staghunt,0.5079999999999999,0.36009941986482535,0.12248658278751581,0.0883483972381872
607200,staghunt,0.5076666666666667,0.36011371739078935,0.12268649195670228,0.08849684401550575
608000,staghunt,0.5083333333333332,0.36140872144310426,0.12278908947389079,0.08782105780312716
608800,staghunt,0.5083333333333333,0.36153627406195576,0.12259790746003885,0.08800414667073642
609600,staghunt,0.5086666666666667,0.3613741416630532,0.12233530122546774,0.0880657591149093
610400,staghunt,0.509,0.3614654916545779,0.12246491057028398,0.0881299759889912
611200,staghunt,0.509,0.3614654916545779,0.12246491057028398,0.0881299759889912
612000,staghunt,0.51,0.3617826074230557,0.12335835582001443,0.08807352303717386
612800,staghunt,0.5119999999999999,0.3629394441264635,0.121758717080894,0.08769268205896467
613600,staghunt,0.5119999999999999,0.3629394441264635,0.121758717080894,0.08769268205896467
614400,staghunt,0.5123333333333333,0.362949086358306,0.12194969616633625,0.08771454783485484
615200,staghunt,0.5120000000000001,0.3621030050536253,0.12162683264704828,0.0880169189035861
616000,staghunt,0.5123333333333333,0.36171007717128234,0.12124915679991906,0.08799093310907825
616800,staghunt,0.5126666666666667,0.36131955042058156,0.1211039753249503,0.08834205203393654
617600,staghunt,0.512,0.36191770727293354,0.12142365380642975,0.08827515444327892
618400,staghunt,0.5123333333333333,0.3620177468590527,0.12172677358497352,0.08817074846672937
619200,staghunt,0.5133333333333333,0.3630649068961845,0.1220604990654174,0.088236207840682
620000,staghunt,0.5136666666666667,0.36369208039368667,0.12237818332156437,0.0876910801997117
620800,staghunt,0.5136666666666667,0.36369208039368667,0.12237818332156437,0.0876910801997117
621600,staghunt,0.5143333333333333,0.36447544317579184,0.12275691124844768,0.08720281116077992
622400,staghunt,0.514,0.3651006033718617,0.1233863749806444,0.0879926481851033
623200,staghunt,0.5146666666666666,0.36566579667522353,0.12377997205316166,0.08790044575753728
624000,staghunt,0.5146666666666666,0.36566579667522353,0.12377997205316166,0.08790044575753728
624800,staghunt,0.5153333333333333,0.36652649816420263,0.12396933113366544,0.08758596814421471
625600,staghunt,0.5156666666666666,0.3671072158996707,0.1239678373262921,0.08752597292689362
626400,staghunt,0.5163333333333333,0.3670354112169954,0.12277099025984402,0.08751838022687906
627200,staghunt,0.5163333333333333,0.3672216247838136,0.12277099025984402,0.08756295800995245
628000,staghunt,0.5163333333333333,0.36734551173324775,0.12248910256391618,0.0875694867813128
628800,staghunt,0.5163333333333333,0.3667207438749963,0.12248910256391618,0.0875307571871838
629600,staghunt,0.5156666666666666,0.36710719633222333,0.1230783149256532,0.08738093584051139
630400,staghunt,0.5153333333333334,0.36693933754875774,0.12293931053196155,0.0871373927626032
631200,staghunt,0.5226666666666667,0.3670181590679693,0.11117553687749837,0.08712778202762488
632000,staghunt,0.534,0.367005444162787,0.10104149007239245,0.08723336825856187
632800,staghunt,0.5356666666666667,0.36763561532363814,0.10060373308735174,0.08681945059105972
633600,staghunt,0.5366666666666667,0.3683575880903992,0.10044346115546243,0.08690158439767383
634400,staghunt,0.5373333333333334,0.3684940862067535,0.10039182495860167,0.08695640761001511
635200,staghunt,0.5386666666666667,0.36905202988723074,0.10154607298301399,0.0873588127536468
636000,staghunt,0.539,0.369142323242463,0.1015807165524473,0.08732055818341572
636800,staghunt,0.54,0.369046117961123,0.10082376752911701,0.08711246453312914
637600,staghunt,0.54,0.369046117961123,0.10082376752911701,0.08711246453312914
638400,staghunt,0.5396666666666667,0.3689400010270694,0.10055954565441425,0.08723005164379374
639200,staghunt,0.54,0.36895076908402497,0.10072576141358117,0.08725398492840757
640000,staghunt,0.54,0.36887536769424456,0.10051718113687681,0.08738350830229258
640800,staghunt,0.5399999999999999,0.3687524160741908,0.10019733615640442,0.08690751146355767
641600,staghunt,0.5399999999999999,0.36939676935485266,0.10019733615640442,0.08696042713792577
642400,staghunt,0.5406666666666666,0.3695520163374295,0.10056384250690248,0.08686747121852047
643200,staghunt,0.5403333333333332,0.36945519801924515,0.10033831659828552,0.08697454296217091
644000,staghunt,0.5413333333333333,0.369641995603314,0.1007282127286401,0.08688497925916329
644800,staghunt,0.5413333333333333,0.369641995603314,0.1007282127286401,0.08688497925916329
645600,staghunt,0.542,0.36971636535610014,0.10087518262256483,0.08691221624323958
646400,staghunt,0.5436666666666666,0.3700048302350004,0.10051042572296838,0.08638088400510575
647200,staghunt,0.5436666666666666,0.3700048302350004,0.10051042572296838,0.08638088400510575
648000,staghunt,0.5436666666666666,0.3700048302350004,0.10051042572296838,0.08638088400510575
648800,staghunt,0.5439999999999999,0.3695351608924249,0.10091923185411535,0.08581644404366963
649600,staghunt,0.5446666666666667,0.37055908860382664,0.10248998746640668,0.08654338430485017
650400,staghunt,0.5453333333333333,0.37115631633479207,0.10265848933282998,0.08669038364590421
651200,staghunt,0.5456666666666667,0.3708724784551807,0.10179924567379213,0.0862357224034941
652000,staghunt,0.5459999999999999,0.3711027137373307,0.10221980673474632,0.0859244202355431
652800,staghunt,0.5459999999999999,0.3711027137373307,0.10221980673474632,0.0859244202355431
653600,staghunt,0.5459999999999999,0.3711027137373307,0.10221980673474632,0.0859244202355431
654400,staghunt,0.5466666666666665,0.3713126824037471,0.10253575106719402,0.08588047836736018
655200,staghunt,0.5456666666666667,0.37135846038288395,0.1043267658564861,0.08627856288937596
656000,staghunt,0.5456666666666667,0.37135846038288395,0.1043267658564861,0.08627856288937596
656800,staghunt,0.5456666666666667,0.37135846038288395,0.1043267658564861,0.08627856288937596
657600,staghunt,0.5446666666666666,0.37120626384794864,0.10502439457949816,0.08668328504730903
658400,staghunt,0.5449999999999999,0.3707672271891787,0.10517768622199455,0.08666770766071236
659200,staghunt,0.5453333333333333,0.3713294283759471,0.10522404081497773,0.08606653324516561
660000,concord,0.5633333333333334,0.370897378887305,0.06787788599689451,0.08574479158741653
660800,hero,0.5650000000000001,0.37077604968016975,0.06585149772849833,0.08480332068649957
661600,hero,0.5660000000000001,0.3712836334385403,0.06453633295752818,0.08575667488593698
662400,hero,0.5666666666666668,0.3714133411345254,0.06446359868604572,0.08567470665994019
663200,hero,0.5676666666666667,0.37161228027361864,0.06295304932847245,0.0858111400702889
664000,hero,0.5680000000000001,0.37166298948864646,0.06303438215238834,0.08582151471152538
664800,hero,0.5683333333333334,0.37178837827081296,0.06274089378616167,0.085978525723853
665600,hero,0.5696666666666668,0.37252038665882614,0.06284313215665861,0.08590801719197015
666400,hero,0.5700000000000001,0.37273777571554917,0.062598071204459,0.08584479770364344
667200,hero,0.5700000000000001,0.37255044459741876,0.06257834595701656,0.08594574453576971
668000,hero,0.5693333333333334,0.3728820192490729,0.06361147501108916,0.08588192862523822
668800,hero,0.5696666666666668,0.3729862168630512,0.06387584407888576,0.08576634824567528
669600,hero,0.5700000000000001,0.37309535470839494,0.06415644459223134,0.0856464799660624
670400,hero,0.5700000000000001,0.3729925601290091,0.06473116294946449,0.08558274636071765
671200,hero,0.5710000000000001,0.37357636568359426,0.06492255595403604,0.08507691350117123
672000,hero,0.5710000000000001,0.3734708673587116,0.06475118569866282,0.08521321452908703
672800,hero,0.5710000000000001,0.3735901439071778,0.06475118569866282,0.08517853630014666
673600,hero,0.5713333333333334,0.3736013743709171,0.06490639033387113,0.0852033170081797
674400,hero,0.5713333333333334,0.3736013743709171,0.06490639033387113,0.0852033170081797
675200,hero,0.5716666666666667,0.3736331978911677,0.0646786930397742,0.08524339804414235
676000,hero,0.572,0.37376204258727,0.06500142448581558,0.08511293008139861
676800,hero,0.5723333333333334,0.3739362856464065,0.0647893071500819,0.08527693737313417
677600,hero,0.573,0.3741703629647551,0.06493016191205692,0.08562143500125996
678400,concord,0.5726666666666665,0.37390818917127205,0.06524029656812035,0.085733345487687
679200,hero,0.5720000000000001,0.3735674091515156,0.06524786548705855,0.08593173707733205
680000,concord,0.5719999999999998,0.3733687790747566,0.06577552548696529,0.0860314108122959
680800,concord,0.5719999999999998,0.3733687790747566,0.06577552548696529,0.0860314108122959
681600,concord,0.5723333333333332,0.37357936300032923,0.06543397388414986,0.08595809703804057
682400,concord,0.5723333333333332,0.3736674619135749,0.06543397388414986,0.08582904302519767
683200,concord,0.5723333333333332,0.37370820769643154,0.06543397388414986,0.08582880528947946
684000,concord,0.5726666666666665,0.3738416476397955,0.06574924306000003,0.085696738786413
684800,concord,0.573,0.37385379867749524,0.06594891401121979,0.0857235827380606
685600,concord,0.5726666666666667,0.3737203587341313,0.06563648488568039,0.08585562893269132
686400,concord,0.5736666666666667,0.37400412052702425,0.06648957961613884,0.08561633264628798
687200,staghunt,0.5746666666666667,0.37470238000881556,0.0671317113342619,0.08566537451922336
688000,staghunt,0.575,0.37484923342897025,0.06748113590999862,0.08552585801665924
688800,staghunt,0.5753333333333333,0.3748828153763968,0.06727867234931453,0.08556773445881853
689600,staghunt,0.576,0.37518949062501317,0.0680196050169851,0.08528380848388183
690400,staghunt,0.5763333333333333,0.375370974774235,0.06824881855803733,0.08514560168924527
691200,staghunt,0.5773333333333334,0.37616682588260764,0.06827323463774976,0.0846953539532327
692000,staghunt,0.5773333333333334,0.37616682588260764,0.06827323463774976,0.0846953539532327
692800,staghunt,0.5780000000000001,0.3765178195342346,0.06858715281205512,0.08467908439590802
693600,staghunt,0.5776666666666667,0.3762241656731028,0.06958519070486262,0.08473188234158306
694400,staghunt,0.5786666666666667,0.37637446870914293,0.06942799805251658,0.08459046151616512
695200,staghunt,0.5786666666666667,0.3769222199036606,0.06942799805251658,0.08411943905479906
696000,staghunt,0.5783333333333334,0.37648147747780714,0.06903658003345799,0.08449585803500685
696800,staghunt,0.578,0.37602169705878674,0.06865911501085689,0.08491114211574095
697600,hero,0.5783333333333334,0.3762302472883797,0.06829944959379113,0.08482422176928378
698400,hero,0.5783333333333334,0.3762302472883797,0.06829944959379113,0.08482422176928378
699200,staghunt,0.579,0.3766971331741522,0.06762368640471299,0.08462190515228812
700000,staghunt,0.5793333333333333,0.37690976325608494,0.06730802604719864,0.08454874369051268
700800,staghunt,0.5796666666666666,0.37712370455785305,0.06700746227100382,0.08448046861003629
701600,staghunt,0.5796666666666666,0.37712370455785305,0.06700746227100382,0.08448046861003629
702400,staghunt,0.5796666666666666,0.3773366398124473,0.06700746227100382,0.08454595151339087
703200,staghunt,0.5796666666666666,0.3774055178470063,0.06700746227100382,0.08454270555543991
704000,staghunt,0.5796666666666666,0.3774055178470063,0.06700746227100382,0.08454270555543991
704800,staghunt,0.5796666666666666,0.3774055178470063,0.06700746227100382,0.08454270555543991
705600,staghunt,0.5796666666666667,0.37806538489268193,0.06647100918241271,0.0853793606647599
706400,staghunt,0.58,0.3781011175926875,0.06631388138389678,0.08542588762028015
707200,staghunt,0.5803333333333334,0.37815545079416574,0.0663780790827518,0.0854427259573347
708000,staghunt,0.5803333333333334,0.37815545079416574,0.0663780790827518,0.0854427259573347
708800,staghunt,0.5803333333333334,0.37815545079416574,0.0663780790827518,0.0854427259573347
709600,staghunt,0.5803333333333334,0.37815545079416574,0.0663780790827518,0.0854427259573347
710400,staghunt,0.5803333333333334,0.37805728953367873,0.06665648070332762,0.08558395464329512
711200,staghunt,0.5806666666666667,0.3781001142897204,0.06586180818788516,0.0855391635331573
712000,staghunt,0.5806666666666667,0.3781001142897204,0.06586180818788516,0.0855391635331573
712800,staghunt,0.5806666666666667,0.3781001142897204,0.06586180818788516,0.0855391635331573
713600,staghunt,0.5806666666666667,0.3781001142897204,0.06586180818788516,0.0855391635331573
714400,staghunt,0.5806666666666667,0.3781001142897204,0.06586180818788516,0.0855391635331573
715200,staghunt,0.5806666666666667,0.3775600053569256,0.06595546570823468,0.08636028365283228
716000,staghunt,0.5806666666666667,0.3775600053569256,0.06595546570823468,0.08636028365283228
716800,staghunt,0.581,0.3781423396407287,0.06624030327359452,0.08623403409628902
717600,staghunt,0.5813333333333334,0.3783562809424968,0.06592550977812892,0.08616369395329909
718400,staghunt,0.5823333333333334,0.3787420095356923,0.06577271001499065,0.0860241929510755
719200,staghunt,0.5823333333333334,0.37828915827405263,0.06577271001499065,0.08603660209527507
720000,staghunt,0.5820000000000001,0.3783934464766821,0.06590678040766143,0.08591409989022189
720800,staghunt,0.5820000000000001,0.3783934464766821,0.06590678040766143,0.08591409989022189
721600,staghunt,0.5820000000000001,0.3783934464766821,0.06590678040766143,0.08591409989022189
722400,staghunt,0.5820000000000001,0.37866945565989163,0.06590678040766143,0.08567122165238626
723200,staghunt,0.5820000000000001,0.37866945565989163,0.06590678040766143,0.08567122165238626
724000,staghunt,0.582,0.37869406805096933,0.06642920672545201,0.08569715252796441
724800,staghunt,0.5823333333333333,0.37883602419068263,0.06674162452656097,0.08557542698835906
725600,staghunt,0.5823333333333333,0.37883602419068263,0.06674162452656097,0.08557542698835906
726400,staghunt,0.5823333333333333,0.37883602419068263,0.06674162452656097,0.08557542698835906
727200,staghunt,0.5826666666666667,0.3788734747211754,0.06660738104652175,0.08562405913187682
728000,staghunt,0.583,0.37880655244947514,0.06630364122358721,0.08561947951417113
728800,staghunt,0.583,0.3789141478147643,0.06630364122358721,0.08561212254011687
729600,staghunt,0.584,0.37997446306134125,0.06653319973266479,0.08573556392606886
730400,staghunt,0.584,0.38073307438644743,0.06619835513230084,0.08588992361222669
731200,staghunt,0.5846666666666666,0.3810593317980113,0.06592550977812892,0.08591350362785355
732000,staghunt,0.585,0.3810976382481995,0.06579523041740191,0.08596213779770498
732800,staghunt,0.585,0.3817089135290631,0.06579523041740191,0.08594838023766535
733600,staghunt,0.5853333333333333,0.3817653966416142,0.06585056033395839,0.08597182069722324
734400,staghunt,0.5853333333333333,0.38178519672369565,0.06585056033395839,0.08597208741321839
735200,staghunt,0.5853333333333333,0.38178519672369565,0.06585056033395839,0.08597208741321839
736000,staghunt,0.5856666666666667,0.38200362764733126,0.0656035605778667,0.08592154475599617
736800,staghunt,0.5863333333333334,0.3822624139303584,0.06525259561556077,0.08592564334907765
737600,staghunt,0.5863333333333334,0.3822624139303584,0.06525259561556077,0.08592564334907765
738400,staghunt,0.5863333333333334,0.3822624139303584,0.06525259561556077,0.08592564334907765
739200,staghunt,0.5863333333333334,0.3822624139303584,0.06525259561556077,0.08592564334907765
740000,staghunt,0.5863333333333334,0.3822624139303584,0.06525259561556077,0.08592564334907765
740800,staghunt,0.571,0.3815921630829043,0.07313187817182239,0.08452009052108374
741600,staghunt,0.5666666666666667,0.38149683698493775,0.0806761549363171,0.08432261085775437
742400,staghunt,0.5660000000000001,0.38148319613659465,0.08197861810960523,0.08429440250239532
743200,staghunt,0.5650000000000001,0.3814850720317402,0.08399367995036851,0.08429828097792877
744000,staghunt,0.567,0.38154163848510925,0.08003779971186145,0.08441534610687676
744800,staghunt,0.5676666666666667,0.3815549005089114,0.078787885262885,0.08444282341445628
745600,staghunt,0.568,0.3815618329127652,0.07817675446238226,0.08445719124609483
746400,staghunt,0.567,0.38156164917795543,0.08003779971186145,0.08445681040257105
747200,staghunt,0.5833333333333333,0.38209685233777907,0.06404088200439806,0.08557571653667276
748000,staghunt,0.5863333333333334,0.3824332104661078,0.06483502330464283,0.08581823109575663
748800,staghunt,0.5863333333333334,0.3826994410248009,0.06483502330464283,0.08582402660240258
749600,staghunt,0.5866666666666667,0.38421193998372294,0.06467392093713442,0.08499951929112448
750400,hero,0.5676666666666667,0.3852866030966383,0.07348553229575276,0.08397043638756076
751200,staghunt,0.5666666666666667,0.385385122608869,0.0752608632083382,0.08390115265756114
752000,staghunt,0.5666666666666667,0.38538945752272713,0.07584910295944894,0.08384858544188012
752800,staghunt,0.5656666666666667,0.38547064732746583,0.07774681923548106,0.08377280226303395
753600,staghunt,0.5650000000000001,0.38580141033513077,0.07893191315038706,0.08348594847509481
754400,staghunt,0.5646666666666668,0.38545008596164004,0.07960085612791043,0.08395896409003595
755200,staghunt,0.5646666666666667,0.38648765814457625,0.08113698217547415,0.08305299102055928
756000,staghunt,0.5650000000000001,0.3871337351582632,0.08148695267826699,0.08244403863134699
756800,staghunt,0.5650000000000001,0.3871337351582632,0.08148695267826699,0.08244403863134699
757600,staghunt,0.5646666666666668,0.3873133959760165,0.0821801694261674,0.08231371790107844
758400,staghunt,0.5650000000000001,0.3867561703480248,0.0822710065485923,0.08297232376481545
759200,staghunt,0.565,0.38696595083350005,0.08312195413522987,0.08287824431419355
760000,staghunt,0.565,0.38696595083350005,0.08312195413522987,0.08287824431419355
760800,staghunt,0.5646666666666667,0.38767952017598173,0.083831105927261,0.08227423749345886
761600,staghunt,0.5643333333333334,0.3875865365717172,0.08359292899389145,0.08195088638756752
762400,staghunt,0.5643333333333334,0.3875865365717172,0.08359292899389145,0.08195088638756752
763200,staghunt,0.5643333333333334,0.3877145507292151,0.08359292899389145,0.08186707347294453
764000,staghunt,0.5643333333333334,0.38778955516923724,0.08374048683762514,0.08179099406699193
764800,staghunt,0.5646666666666667,0.3878312644134656,0.08378691373705233,0.08184370870339797
765600,staghunt,0.5646666666666667,0.3878312644134656,0.08378691373705233,0.08184370870339797
766400,staghunt,0.5646666666666667,0.38785372404977664,0.08378691373705233,0.0818448102957763
767200,staghunt,0.5646666666666667,0.38785372404977664,0.08378691373705233,0.0818448102957763
768000,staghunt,0.5646666666666667,0.38785372404977664,0.08378691373705233,0.0818448102957763
768800,staghunt,0.5646666666666667,0.38785372404977664,0.08378691373705233,0.0818448102957763
769600,staghunt,0.5650000000000001,0.3878718453519177,0.08403776341034037,0.08188339005137034
770400,staghunt,0.5653333333333335,0.3875694775800166,0.0839782452722867,0.08232849497033211
771200,staghunt,0.5656666666666667,0.3877702438071466,0.08393192420786365,0.08229793329623648
772000,staghunt,0.5656666666666667,0.3878769478154471,0.08393192420786365,0.08221016941158496
772800,staghunt,0.5660000000000001,0.3878385910525597,0.08419260693034986,0.08236938801993277
773600,staghunt,0.5663333333333334,0.38894299413910216,0.0841874745089644,0.08114880242767956
774400,staghunt,0.567,0.38914111804760204,0.08461167651375982,0.08103989002407745
775200,staghunt,0.567,0.38873871234842444,0.08467002034769457,0.08173146386903314
776000,staghunt,0.567,0.38885011240775974,0.08467002034769457,0.08164823275929883
776800,staghunt,0.5673333333333334,0.3894128088324026,0.08482079875381136,0.08130989843926484
777600,staghunt,0.5673333333333334,0.3894128088324026,0.08482079875381136,0.08130989843926484
778400,staghunt,0.5670000000000001,0.39016136826686026,0.08554040269853279,0.08098825742914954
779200,staghunt,0.5676666666666667,0.3901903497568176,0.0849117188614151,0.08103178084916739
780000,staghunt,0.5676666666666668,0.3903267058321182,0.08598090514400691,0.0809124931864749
780800,staghunt,0.5676666666666668,0.3903267058321182,0.08598090514400691,0.0809124931864749
781600,staghunt,0.5680000000000001,0.3904715625698415,0.08556565596944536,0.08112893190155235
782400,staghunt,0.5683333333333335,0.3907655327951196,0.08591195608022706,0.08084968311234207
783200,staghunt,0.5686666666666668,0.3907802316461043,0.08616951424480228,0.08088083778960596
784000,staghunt,0.5690000000000001,0.3907559646600485,0.08544798432199181,0.08089576462548774
784800,staghunt,0.5690000000000001,0.39077921709669095,0.08544798432199181,0.08089620326448814
785600,staghunt,0.5686666666666668,0.3908034840827468,0.08616951424480228,0.08088126875791415
786400,staghunt,0.5686666666666668,0.3908034840827468,0.08616951424480228,0.08088126875791415
787200,staghunt,0.5690000000000001,0.3911590762313971,0.0861530363888142,0.08078592893160533
788000,staghunt,0.5690000000000001,0.3911590762313971,0.0861530363888142,0.08078592893160533
788800,staghunt,0.5693333333333335,0.392000732527542,0.0861494538291551,0.08076919151737152
789600,staghunt,0.5693333333333335,0.39202361963868604,0.0861494538291551,0.08077068236165878
790400,staghunt,0.5696666666666668,0.3920616618202003,0.08641630504585217,0.08080362323930253
791200,staghunt,0.5700000000000001,0.39210427266948344,0.08646700648152764,0.08085662090146563
792000,staghunt,0.5700000000000001,0.39210427266948344,0.08646700648152764,0.08085662090146563
792800,staghunt,0.5696666666666667,0.392745967157299,0.08719851057738075,0.08048595100879999
793600,staghunt,0.5696666666666667,0.392745967157299,0.08719851057738075,0.08048595100879999
794400,staghunt,0.5700000000000001,0.3928805759693314,0.08747486411450922,0.08076997450658578
795200,staghunt,0.5703333333333334,0.3930999950439925,0.08748121491476306,0.08075817478145175
796000,staghunt,0.5706666666666667,0.3931553057761602,0.08757078265785137,0.08078636212819292
796800,staghunt,0.571,0.39337916113496846,0.08758840331380478,0.08078029810034394
797600,staghunt,0.571,0.39337916113496846,0.08758840331380478,0.08078029810034394
798400,staghunt,0.571,0.39337916113496846,0.08758840331380478,0.08078029810034394
799200,staghunt,0.5706666666666667,0.39316270111093665,0.08726007671125623,0.08141568663538257
800000,staghunt,0.571,0.39327825959536084,0.08758840331380478,0.08100020949871888
